batch_id,storage_shelf,barcode,radioactivity_Bq,radioactivity_Ci,half_life_years,heat_output_W,density_kg_m3,corrosiveness,particle_size_mm,chemical_class,quantity_kg
W-00422,S23,73143237,81126350.11846715,0.002191200977814521,11.641401694072293,3.7395572245226187,1384.2071774978774,0.5838013243799344,0.34691460891477827,organic,656.9719929592962
W-00107,S23,52485355,1074454.457751893,2.8972342419610444e-05,0.1822103331487614,0.5292530806554868,2507.822618752337,0.21145621136377954,19.337312986788824,ceramic,50.1127307429131
W-00253,S03,55055698,173778285.01033872,0.004698978291671619,18.34017592626706,2.9196750638464,1410.4094462192554,0.3519324015147829,0.5604609344967255,aqueous,636.4238030249488
W-00235,S13,90781945,5850558760.571447,0.15751603205671505,18.959601044522003,13.239463103497148,7728.453263341991,0.7079743478093711,15.28017804554432,metallic,391.61505771887215
W-00311,S02,99651831,169319804.26365766,0.004574778542555888,0.015180620694129293,2.0353153286131533,1084.4727724492725,0.39340083332322406,2.0960621700809527,organic,14.849968593741519
W-00015,S11,12503431,5197218016635.763,140.2754421605515,38080.22402609931,729.9413244008132,10983.284682243691,0.4174179174800509,4.8239629574699965,metallic,251.89207083786988
W-00134,S10,45444970,242596800.1547188,0.006566129781564665,0.021240595665707872,2.440489112227948,1161.6582090779268,0.44462212899564607,1.2042058986181057,organic,12.577190599202812
W-00263,S15,81525528,261782852.3698931,0.007082535704744754,0.022204551349726098,2.724395087286746,1170.5954571524526,0.44399531599625136,0.9972626738684061,aqueous,12.187721565746084
W-00385,S03,48384859,129031074.67053857,0.0034792693084867597,11.686500160744698,13.052158287792576,1426.2381090191893,0.5362883165230824,0.31285005230689467,aqueous,502.5963405038181
W-00097,S24,36950103,927174.5772165481,2.504545107134195e-05,0.2606330418752231,0.44970201755808403,2334.5569853071815,0.16201839308379792,12.299695505524546,ceramic,39.23898507684974
W-00433,S18,62293294,10926470442.207561,0.29523568911342124,65.54502963876745,26.770553619756328,7428.36720631531,0.79649329107201,23.368608768633848,organic,340.75406231978155
W-00411,S02,69233932,76830555.11588678,0.002078571500566804,10.125582912072591,6.137974422931206,1500.5536454451933,0.5693523777809423,0.6002481674518054,organic,443.34368933594357
W-00154,S05,12154145,401545339.92017514,0.01086994782787075,0.01900503910367183,2.9587210143260014,1109.0831745378805,0.3117893752476264,1.5863571154373535,organic,15.262316528589565
W-00444,S14,31509753,5065358630.282499,0.13714059750030516,22.997945192970214,37.38689509047555,7576.207313009108,0.8485273175107453,27.305186566339444,ceramic,541.6987229897622
W-00378,S11,78351228,6955907099.498788,0.18877834834822146,27.008444213470437,28.65041973259062,7639.613434105968,0.8997347402069064,26.424932138951377,metallic,541.0723664214528
W-00078,S14,53564916,1056083.421917317,2.853526820820066e-05,0.3923571917566976,0.6662127376385119,2607.8501453568874,0.3578545032543693,17.020903537435935,organic,31.292826220683203
W-00327,S24,16106204,105644460.32685249,0.0028611927794695456,11.21842060704545,7.797732938998287,1315.0318173422786,0.5488004611668338,0.25693055221293254,aqueous,432.7454603252691
W-00137,S01,44829001,4018718143.1116357,0.10821422098381281,57.7880790080686,12.306522300089668,7780.807847303429,0.7241919456828388,25.579397573427684,metallic,227.78464461941036
W-00427,S05,23413988,73967290.41666467,0.002002557621091204,13.649060043639912,7.2591802841875746,1390.1216332805386,0.6013234522700174,0.5461895893317485,aqueous,600.9853669610926
W-00298,S24,71440643,80533844.41161522,0.0021840469892681165,14.046364304140784,4.954473890479843,1409.844333116846,0.5621590448283869,0.4347348972140225,aqueous,593.9960946047072
W-00037,S09,14410479,861820.7233908419,2.3280605441878853e-05,0.3925191521455173,0.4150620071277741,2434.2133447853676,0.23793571282676285,11.182076632300806,ceramic,48.89524554429157
W-00090,S18,92571914,1188955.1613241725,3.217689434458122e-05,0.37902705107015644,0.6499230401401717,2340.3142233691938,0.19758744057690153,8.356403936294578,ceramic,38.913238095331195
W-00345,S08,29305317,4565037405900.636,123.15749101160337,18799.861369863585,1098.8419713347248,10221.096414450813,0.3094908927910523,10.839546886092304,metallic,117.06330209722773
W-00231,S20,32854773,4003527290.697851,0.10811594857701487,44.93502626477539,19.487464115718478,7627.947904318217,0.7510082782038816,15.761382781247146,metallic,341.23906769860366
W-00354,S18,20106495,3202553844017.537,86.06480089067531,29335.901488769417,2057.9428108943225,10315.518276790575,0.21594269052650503,9.26542239746452,ceramic,154.2572597346756
W-00220,S13,93675516,698853.0334590826,1.8901139329433564e-05,0.5431869619826136,0.6611372189715184,2660.932305443348,0.24431169635452188,9.823448889530127,organic,52.50133412030263
W-00045,S17,17636970,761996.7281893378,2.055667509669559e-05,0.2679617972436616,0.4608517116881368,2585.135713198678,0.021786677974374502,10.83432320268822,ceramic,35.88692356161714
W-00344,S06,28466644,6596465648.42967,0.17873067399932765,47.93186014595188,14.179942290072628,7423.73757471423,0.7841975807456594,21.78819185318642,metallic,201.4019688485953
W-00200,S06,56517958,215547444.7111164,0.0058332594293834025,0.014187451865157961,1.3907261400523387,1041.060300370376,0.3142334474558871,2.337868937260394,organic,13.195097508340053
W-00021,S10,98890377,4833804546220.744,130.78667844623348,43304.92529303432,1050.1015197894176,10715.78469630065,0.28317629468916095,7.383509090291414,metallic,162.12785160106722
W-00046,S17,13427627,117200885.0003886,0.0031697244596526537,0.017949037938752643,1.9990734358087303,1051.1154403952125,0.3280370443744501,1.1535051362574151,aqueous,9.526911755466143
W-00306,S03,41036300,4576363865.275761,0.12381129851290369,26.718082828285272,12.14678733666552,8046.853027726846,0.8336452582094526,13.002372230814654,metallic,276.90115105240653
W-00316,S13,70660676,42491902.08869241,0.001146164666741226,10.03950295933961,4.382458800328298,1465.3216211651777,0.48341176791935925,0.34375251253630845,aqueous,664.3595925844182
W-00175,S14,41965724,76649114.74900767,0.0020682004797768654,9.018261039947571,6.853607909498541,1568.571237475716,0.4231080322980473,0.3103350387597471,aqueous,440.48827940662426
W-00498,S14,68052046,2662495032.312391,0.07195754520663812,27.576980654554653,38.776528511102654,8644.446968652801,0.8191337337561513,22.62930199517502,metallic,279.19727552743336
W-00102,S02,38145972,49162201.4115565,0.001329048254332553,12.886606950744603,12.882303009801209,1384.9923072134998,0.621499685542013,0.5725074015427356,aqueous,552.5862007005111
W-00157,S19,24753027,3412503073121.277,92.00529521417627,54002.087535496474,627.5986783714318,9960.292870106183,0.15229672220944407,11.561216798880924,ceramic,198.0306539002886
W-00481,S14,41345288,5074819551.798215,0.13697776728878672,45.76895580421436,29.28884515671884,7584.124397537258,0.7972668230399551,13.972840388299483,metallic,377.43550674913627
W-00487,S04,45193956,161741505.26766092,0.0043627695699515814,0.027575246876633944,4.344663633623706,1136.111642901468,0.4110799667622355,1.148100218395883,organic,9.972570479821893
W-00171,S06,76294148,870333.7012263003,2.357240833559154e-05,0.3266816125564794,1.0091265120624862,2608.800559433242,0.15318420120600557,11.312588304035891,ceramic,46.482974784839506
W-00153,S16,88225548,5173088075.836395,0.13993500740463977,64.72218801669617,12.341502457992814,8257.371449416549,0.8103454311837784,31.492180501898606,metallic,167.20226475068418
W-00242,S03,11045191,105654442.7033458,0.0028560711109090024,15.102956761234987,5.033309059472636,1439.2405412918738,0.5845701971223951,0.3410212940587819,aqueous,687.2766519442888
W-00342,S22,72619533,112337563.58690472,0.0030446556128564195,14.490243750527185,4.483978099194701,1278.0374960089625,0.5556930838173001,0.32112637760087576,aqueous,368.7746470274325
W-00502,S24,19161019,1525722.9081759034,4.119601249666779e-05,0.44388944224307675,0.8894763714257314,2396.6582862317796,0.1437040667740429,7.80104802255039,ceramic,31.970926921153456
W-00312,S07,72314075,88982415.02492148,0.0024064266817627107,21.723939327802302,6.231186816661797,1462.6087946937225,0.5501714222047223,0.46107076632206134,aqueous,367.7251220346931
W-00340,S13,56293109,5330048371382.733,144.50635676146098,47147.60932886436,705.451852434016,10782.283506982361,0.3230202564470714,12.364716128924998,metallic,233.41999566647883
W-00264,S17,41549175,188398901.57685375,0.005084049242217477,0.024119080741955262,2.675132075616613,1097.6942006329898,0.37711955286104737,1.5095446728345543,metallic,17.22670466780712
W-00240,S21,59363265,3380306933562.327,91.27702737780828,35252.707503601174,1110.2471806836913,10181.244879040067,0.34321926198020747,7.373926562159008,metallic,137.82477868031214
W-00159,S05,91528078,5683621701795.527,153.6128512667659,16382.213809768578,1563.1104920363787,10189.40394139806,0.3741184538774362,11.00003518900611,metallic,109.4017518181248
W-00492,S04,61665462,5290200513.198734,0.14322160051175697,32.37591476034663,18.26711185043931,7402.814347366597,0.7090507025765469,16.93321510603727,metallic,310.9396120143135
W-00132,S20,62028861,104397551.44580527,0.0028143425063483587,7.680794428187494,7.990412780065023,1454.3650333895603,0.5862727218654663,0.5146920208713847,organic,639.729972418686
W-00466,S10,18131215,6195973689514.334,167.1322045146587,19814.128025985396,607.7902543263305,9664.640802138965,0.2850213216677399,5.748550739156465,ceramic,180.16600907038674
W-00126,S13,80247927,662105.7739690676,1.7879113178225617e-05,0.41769254509471154,0.3744541347331141,2558.560844920512,0.11082424277069453,9.847409697315673,organic,32.85595381552764
W-00225,S20,27813082,6676535760.998029,0.18062434244981007,8.994536626545395,30.276464012996186,6882.693270051733,0.9767888392055953,22.241969116254594,ceramic,449.57606737523605
W-00361,S15,77630312,7452886962.899891,0.20124636921680536,25.990486674615255,13.700003835391463,7763.443928668673,0.7986010822557058,28.829117933083577,metallic,255.854852001339
W-00001,S14,33359401,109794843.2746196,0.0029694620218643558,0.014752076293664184,2.3145935791849395,1084.33056401552,0.4017424660978085,1.2866796126769515,aqueous,13.090658058272208
W-00075,S19,79192904,3600916212.388463,0.09717240050988903,21.947870864189728,34.23052635984641,7256.151694102925,0.7006523598776578,23.552891458010457,metallic,255.3929396143808
W-00012,S21,64149768,80869536.56288083,0.0021842646336166496,15.3046007299961,3.6500291300313275,1402.7128122502575,0.6368012680716346,0.4458213402267605,aqueous,708.8126624086633
W-00118,S15,73518606,59945024.02722629,0.0016154085110027363,23.564605498821763,4.751620916664535,1418.7478761146353,0.5656213350512804,0.36077780930387826,aqueous,467.24349466244615
W-00252,S06,38071462,1066790.5209420912,2.8902012541298467e-05,0.2689285072664846,0.7697735487922074,2831.4040555286024,0.2007306841863554,12.138512418837042,ceramic,44.73724835278361
W-00461,S13,33440219,3516268286029.2144,95.19966044907724,35435.30302987207,1564.6500990320744,9864.179632102127,0.39827264947395213,6.778295036992403,ceramic,323.25097545308626
W-00236,S10,36120396,4929300280813.807,133.17747045872247,40303.27673740427,1336.4269269418348,11817.985436229796,0.1625313854834771,6.273529041310113,metallic,118.7438150398751
W-00181,S02,71795231,240175240.96599087,0.006480197801909412,0.022556587564700924,4.132846149328851,1068.331123209947,0.33123031545401566,1.371738470032239,organic,15.72338719577924
W-00230,S18,60250524,88876484.1185243,0.0024027717067017043,7.187747940393775,8.228478356174382,1359.0879792302726,0.6128468214683532,0.4330656336080854,aqueous,582.9399674791877
W-00142,S02,22021728,48894976.61656661,0.0013256179899010193,9.575747967792442,7.202544284523947,1387.5002389922972,0.5670408495553996,0.6334010781962297,organic,924.4688761233699
W-00241,S01,81094921,1263380.8823220283,3.4145620696450244e-05,0.12679588053241092,0.4590963598671475,2588.9911089776565,0.17079002508199428,11.65678290895892,ceramic,23.174715477116777
W-00108,S12,66874132,4576118077659.655,123.33202525111624,24114.047013528227,767.0241225642703,11331.979824860606,0.19260570004148828,13.15529634658172,metallic,233.37361009183567
W-00372,S05,60507258,295880672.83829254,0.008007094688211158,0.02476621098699838,2.5730194530164696,1112.238509440734,0.23166528646557777,1.5369346403605424,organic,17.39477717598775
W-00076,S05,35052365,4399371867.002295,0.11863622254469304,39.155721430991406,27.694515522471164,7357.407032835436,0.8370639896224564,31.548176994917483,ceramic,325.9349215353575
W-00452,S07,63510046,117096174.65894943,0.003171193805087702,7.483596863345671,6.355361680732891,1265.9628876876236,0.5678142031395311,0.23859489268212297,aqueous,1273.0215529774168
W-00402,S02,86593200,2337712902571.5303,63.28626870448445,33830.69968495486,1497.9019518432372,10200.037613258946,0.2749115582385256,6.493576014700195,metallic,96.38160908949547
W-00289,S14,51699762,6570574582480.079,177.66004105608226,79779.3143218529,861.2321295263538,9449.745559037246,0.22352318455484677,7.359279982331332,organic,304.5934176525552
W-00010,S08,69731535,86183440.69144283,0.002323025315928147,10.101681162324553,6.574721798750682,1398.4949874513823,0.5365604745921536,0.32756998378234264,organic,428.07987088589954
W-00428,S07,94786707,3564069624797.4736,96.5877206545915,35080.88548509867,796.0421589691304,10469.406538562394,0.17595314306883653,7.40914759127587,ceramic,288.4350041227815
W-00309,S12,77227039,197348618.55231532,0.0053352335874136915,0.0094393068003507,2.5874694390148525,1127.8745756640537,0.39252152280997854,1.7242173265430163,organic,12.944972093361404
W-00382,S16,26385191,437836.6959781657,1.1818100289892403e-05,0.5360831601332194,0.6315537491775607,2653.6589376343522,0.2514567944993228,7.5967432815750175,ceramic,20.81203893808634
W-00283,S22,50852551,2665915858.331972,0.0718689245314299,13.419725145722428,18.462047522943024,7677.56682923324,0.7883161060575677,43.431713530011976,metallic,339.3889793456684
W-00065,S09,26010080,94456477.32593992,0.002549869323193397,4.393189749144827,7.5888888668942815,1427.1926323253742,0.42799543700140064,0.47893373758231567,organic,587.1143311100569
W-00445,S13,76992454,56710641.428086825,0.0015280418200314554,9.699456366693326,6.582713284375942,1288.8417797930076,0.5543110999237976,0.4635332226301445,aqueous,512.4995188953444
W-00351,S23,59520191,5633184536300.937,152.01500393914495,25971.916635571142,934.3713814314708,11547.078062380904,0.27796803070645654,8.587039898208292,metallic,167.6144137357616
W-00096,S02,68590594,2943646239339.1294,79.43870837056615,12116.754081191215,794.0388561977792,10705.465964755549,0.25934857905644615,8.252539131657127,organic,192.0822277690673
W-00113,S12,55597876,5233853970574.414,141.2809659181832,40944.86858805207,958.9300679912837,10028.863857257127,0.20961728860682471,11.565608028829617,metallic,153.55193232746763
W-00246,S17,50664650,7083786907.43435,0.19177221926529034,38.52196267343307,22.649495555282805,8260.717837127768,0.7647991145054672,17.6314567586206,ceramic,376.5077231494879
W-00410,S15,26226282,1465118.3927072112,3.957556364573822e-05,0.3053417249457598,0.3439745971759901,2428.357801484551,0.3402945486080054,11.600453302804333,organic,43.74595405627362
W-00458,S03,55298095,4399231160335.632,119.20762883510727,15381.353503331002,1397.6823599798124,11103.848528447335,0.2529545946270039,14.689450769012934,organic,199.91187769811285
W-00386,S04,41589772,313482536.8937048,0.008481213107681036,0.02061134140564462,3.6225287686103433,1120.8327425693535,0.33363655692356015,2.235403855149178,organic,10.221353312935685
W-00517,S09,62403547,50999306.94974256,0.0013795053446681732,9.171650755638957,7.3248437362546,1359.794848736358,0.5695171563232562,0.33234880114714893,aqueous,473.84159223777255
W-00173,S24,60954542,3290390764689.2065,88.96196250279377,30723.244857876995,1414.430063786315,12012.647873864917,0.30963750665169365,7.557585999499239,metallic,144.71653569059188
W-00482,S18,16418731,7476347567.373807,0.2016383276762369,28.50832491309474,24.165630303052556,7770.90023912337,0.7066587972822046,22.97991863582162,metallic,228.40782175984998
W-00281,S07,41619924,93669891.98178662,0.0025349606431301244,5.920776377299061,5.7935076906223575,1472.3265723642994,0.5835691442261669,0.3673728536729283,organic,914.6910568757135
W-00510,S18,78348066,3798413330.308441,0.10259811702600956,20.4473478055817,44.43842764136145,7718.495254544413,0.9076804019560915,10.578376795871376,metallic,318.20057704022884
W-00336,S05,25382300,149563680.53310663,0.0040359214688709824,11.720237658072818,5.054637953422684,1445.4556768052673,0.5264189214850636,0.5039517459557422,aqueous,978.9468740207792
W-00238,S20,70700667,2635283227.3542347,0.07115523796732862,19.059856957677447,30.873342568625162,7341.501136891595,0.7119932618203401,18.03367519248226,metallic,185.4799942210727
W-00491,S23,13597848,72299708.90935923,0.0019537565836582906,0.019164314959766064,3.7309640282112833,1116.4642969494485,0.33303719891299255,0.9672961789480194,organic,11.13185966302007
W-00206,S03,27017173,499627.81032509456,1.3474189337892327e-05,0.7170464531656947,0.8011203405938886,2565.71151608037,0.3740734632598688,17.603598783507433,aqueous,27.202585945465763
W-00447,S16,62610936,7091634692.853446,0.19119940137966937,28.10171254321593,20.627987067315377,8869.621002699274,0.8182525393730389,38.75844136362092,metallic,258.137228396125
W-00439,S02,29989415,114094979.49381314,0.0030812476504609486,13.599210302051254,3.2164179282696956,1410.3947829822362,0.5168059944425681,0.4034188260675087,organic,390.9798163621857
W-00172,S03,96942891,134474824.93987954,0.0036227970199242676,0.025600101541997673,2.843338521375455,978.9004617712502,0.31144118262855186,0.8389203827653482,organic,9.256247855790745
W-00054,S03,49994824,168159040.28593788,0.004554372927154775,0.020070374909737947,5.847834697261563,1123.592830129153,0.3633694742568109,3.553081490721648,organic,9.01925665860984
W-00239,S24,28899197,694569.4298725053,1.8726916011089358e-05,0.2826920409605001,0.31503445320184353,2546.5566280095495,0.20740738237520517,14.903082836145504,ceramic,29.735373451153396
W-00468,S10,35003524,5826889582.24504,0.1579255557271505,12.457797010257906,19.66917284362928,7739.964901240094,0.8743311663035183,17.795035767416138,metallic,384.476238179272
W-00049,S02,51410468,48585274.000617325,0.0013116953176167435,20.92396894635864,4.755204665969968,1380.6824229395957,0.6328731338197014,0.4381724702727686,ceramic,584.8481108875284
W-00100,S05,56145192,4519318974.430195,0.12183825010808365,35.73792616881606,33.057092174736205,7541.789696754555,0.836653604655142,17.80757928286622,metallic,332.06864815438246
W-00155,S05,63848762,83578320.57873212,0.0022648739308695764,8.365347920214967,6.149125232871271,1440.1782511960907,0.6224805481711501,0.39244245077007606,organic,486.91280404674916
W-00374,S24,84740599,8591460366.918594,0.23148300903150917,24.462088763512394,11.548969361331649,8055.999928146233,0.7674326255042351,13.660306279862077,metallic,229.68120687119466
W-00390,S24,37200500,66939267.736114874,0.0018085377821758812,10.685660749355694,9.338556205931855,1476.216548486923,0.4994343078674784,0.5178956303374648,aqueous,421.6228327010899
W-00056,S06,89920117,9809842740.163008,0.26485336412811933,25.84468012611306,25.738202396421293,7627.071565508952,0.7943324445003024,20.347959717434833,metallic,329.08074559773473
W-00272,S14,65186624,3860903878459.1274,104.43182856426039,44057.72374183823,761.9510722692307,10262.381045664059,0.2945393522487385,9.896677848468785,organic,127.27555568482079
W-00060,S09,58728422,225257719.48480132,0.006091915063776717,0.024871965017128083,4.242670146094028,1207.7953194598558,0.4358928650440278,1.6797241675553773,organic,8.313041747023401
W-00401,S03,28611595,871705.1412913244,2.3525998127618652e-05,0.42279219013921976,0.36650746415024776,2477.002253409357,0.3852881989755467,14.673424426777256,ceramic,39.42039244585733
W-00319,S06,29576717,672404.0780110859,1.8145171556322405e-05,0.19795055634644912,0.7098175804223548,2218.163970033869,0.27234799137205673,16.522928699178493,metallic,37.35577119055081
W-00233,S13,72192307,58615441.76667651,0.0015884554559506261,11.181473919343247,3.3078683892086196,1438.372316900695,0.6793186513390743,0.24771915350495616,organic,503.564835623559
W-00071,S09,64295940,732363.0989899647,1.9812150613313958e-05,0.3996543233394551,0.6062511287561115,2431.375460549405,0.08134460873812438,9.443737344306813,organic,26.810373096269092
W-00210,S21,51903636,4937321564782.992,132.87985232334424,32461.55003778718,716.085337582979,11178.968550468813,0.2551407944205553,6.363994153294591,ceramic,125.52572819762104
W-00006,S10,62371231,8086457058.9441395,0.21901996906193316,24.79379544205813,32.74476457949245,7772.867231967384,0.8752087866242426,14.800550883809148,ceramic,468.22102852746235
W-00437,S15,15721589,198105597.99429503,0.005346517077996746,0.013035325065680186,4.173191188365647,1132.1274792516592,0.34742804506355074,1.2304051027982341,organic,10.63115099880914
W-00355,S05,82346099,128589335.72295606,0.003482878322550211,0.014225399609712381,3.2200732534349648,1075.6119395212472,0.2891572360870352,1.646462387806949,aqueous,8.315787643589847
W-00299,S24,64407997,44871554.71485135,0.0012101578709002424,13.828249326422437,5.461598300264714,1429.6248328731629,0.5153943271146866,0.3214882010918247,aqueous,609.3968850405786
W-00315,S19,71406144,3108078922931.998,83.94155027310028,35789.26421146815,1269.7921614841948,10476.87413320639,0.2219875878795501,4.665672782142711,metallic,184.33086647751085
W-00504,S24,21294181,3699646620411.36,100.25921110177781,23337.49318782766,851.3925042659348,11254.010441685468,0.2149339848897285,10.622271665838591,ceramic,162.22188225981134
W-00478,S15,10294747,209039373.10519028,0.0056519820515945896,0.007370488284827427,3.5432206552344,1087.4073984035515,0.2811030162595023,2.635983765353603,organic,10.49921597008376
W-00162,S14,40888643,4624625976.08467,0.12494625827960354,46.0831519289452,11.389931700350177,7407.506624491644,0.7119407113902559,18.418686458372683,organic,271.6137310579709
W-00007,S03,51370745,74693811.52090123,0.0020190648616281504,9.107585765242014,9.563358263910352,1295.0703372592238,0.5394581401147717,0.443878280938796,organic,424.48763457853903
W-00245,S19,49571943,5483172494.673962,0.14836052676633815,33.98506476336608,35.62180474556438,7820.246896417009,0.8107234301415901,27.99346150397342,metallic,367.57790638798804
W-00456,S07,86616526,635193.8050007395,1.7176100552833586e-05,0.3708373638573747,0.5359348140303126,2521.224507295477,0.05707764519588865,13.846345086106382,ceramic,67.41744766823514
W-00008,S04,69121129,3689539647.780862,0.09951177434666367,38.849471143775546,14.664416273682074,7540.267910736592,0.8025414215658823,13.736914393721584,metallic,318.22521386140846
W-00413,S10,96509973,7029910714.227949,0.1905971883571911,43.79021422993601,11.004486537253305,8157.795390222934,0.828841598051696,12.723743859325982,metallic,315.63178472587214
W-00460,S10,76446844,1347383.2468743322,3.653342058930899e-05,0.3837763800597343,0.5887181744390734,2230.141177565269,0.09516271248892193,11.612389283894615,ceramic,34.10394360047377
W-00229,S17,22485623,107486604.5022006,0.002913322816985012,0.015566288011921397,2.9200072722568304,1103.2992638825103,0.4272229441275106,1.295727354469141,aqueous,13.027208269788787
W-00320,S17,54771616,5527995731.6453495,0.14924675385798927,28.074860754987924,32.44306853675755,7377.9846775498945,0.8407484296094118,27.861935974234786,metallic,350.0708792926049
W-00179,S06,14564346,96530158.91968776,0.002606391996576948,10.901134238946558,6.160857006566069,1382.6719793035386,0.46285529472056486,0.555028417386013,aqueous,552.2645266281553
W-00322,S21,62441852,1035759.3744087352,2.7962196222664955e-05,0.38932160206231803,0.40176725897008997,2584.695971045052,0.1679570623975405,9.512542742586884,aqueous,65.31650354529121
W-00196,S09,19054934,4057631748772.741,109.62202680248127,30694.662802933708,735.9857208676634,10185.353114487658,0.28689304563947643,4.2145231212440555,metallic,180.4625744078868
W-00144,S01,34786709,135454892.49802482,0.0036581624698107367,0.02351354252584111,2.3510919722009147,1013.7751985704914,0.19791151701914642,1.1883958371910532,organic,16.208466288622276
W-00124,S23,82569441,258074493.4656483,0.006973624879718715,0.021232441948276577,2.9737593421902595,1154.2513350674667,0.2809628838585645,1.7973581924274686,organic,13.738698206902985
W-00450,S17,96047333,107720028.87089336,0.0029136700480659867,17.397357323576834,3.7617670766720392,1463.3221949111637,0.5656671797804278,0.30485803954410207,metallic,477.36758112990765
W-00059,S04,70223954,10843909623634.611,292.6292801768926,43407.88020523661,1111.0718894773747,10545.528500743942,0.26073186086855055,9.260676252493656,metallic,192.209862582712
W-00194,S21,61228070,962268.2009329392,2.605893873776312e-05,0.2836490332830093,0.740874759190883,2385.0179241548863,0.22489739785429233,20.465903499247794,aqueous,42.53871814248764
W-00414,S05,59582906,824611.2205768583,2.2286197333708222e-05,0.3013684655544333,0.6228649551858068,2537.6279851255945,0.19873178609716588,9.546775344570984,ceramic,47.37134321920951
W-00436,S07,50134064,4664985395.2418995,0.12621633649666786,23.079175216039186,19.2877680438067,7535.29462431825,0.8320909858613857,18.45196389485863,ceramic,291.90737624793485
W-00515,S11,78299989,2536269.4708180614,6.86852037066365e-05,0.3916184014669878,0.9301656791830099,2491.7840783080674,0.033504645479516565,8.238419478690144,ceramic,33.592098084747164
W-00415,S24,39998423,44424911.04942933,0.0012006714001000492,11.820461973180263,7.612794305130257,1552.9007751896575,0.5278927888779639,0.3731102275547184,organic,285.1124129944251
W-00278,S09,38436548,590336.3466410687,1.5975281726000884e-05,0.19944615208102892,0.22974049673067062,2508.9954936776,0.3220206079185616,12.874602669975065,aqueous,46.28949345834397
W-00055,S21,60545651,4334098603327.048,116.86484086885933,20861.207586295106,1053.4404942188219,8485.672403239314,0.17351249394123858,10.156224476181913,metallic,110.49960110954203
W-00499,S11,67333273,82805306.20617916,0.0022407147089185445,11.21601290468319,5.619745067107389,1331.185598529942,0.4512148655608577,0.3047154587327801,aqueous,577.1048704647171
W-00219,S23,80774522,85979936.66317382,0.002318238562609988,23.60883932281507,4.276469415528368,1408.613401759338,0.4684595464620133,0.3514426024357083,organic,566.7893896520134
W-00034,S16,91283915,6624355376.075356,0.17934512047074033,73.12364781976596,24.54465326887147,8363.192527158053,0.7913320535503255,22.50997315430727,metallic,346.43614807231387
W-00381,S08,84980572,3645062262830.685,98.62904597869759,18205.20713979135,739.3409328243577,11004.578658450104,0.06722553196465864,10.735653217466243,aqueous,317.99236629678313
W-00297,S09,50024693,772597.790360974,2.0802919883292438e-05,0.2723856200888443,0.393358064545292,2603.6340703169576,0.21417860861410248,9.132630700191694,metallic,55.63029237104019
W-00205,S11,61726983,3865273362.6718273,0.10439390674685581,23.161206502925697,14.68499997008447,8252.203815495363,0.7585808293299947,19.58209838043522,metallic,302.5859922943247
W-00190,S20,35151259,3226493686995.8613,87.0415277938152,25025.100747965727,684.3168265185526,9617.256491328653,0.29358155645241796,5.833315724464816,ceramic,238.83877148658738
W-00052,S20,94809209,1184693.3265932146,3.1968650686970914e-05,0.2888374211427632,0.7494135593517186,2276.528782095194,0.22534790402945928,10.939971639999069,ceramic,41.79884472688697
W-00074,S12,85473784,4964140382.591391,0.13413753695204272,89.83323316707497,35.91631401406291,7436.9998366892505,0.9166724825343249,19.47426386718217,metallic,268.36067016797034
W-00026,S04,94666483,1003106.2791805745,2.7070006559579763e-05,0.3710331585905147,0.6474564028031331,2553.155879160809,0.03475952169885452,16.237213716209418,ceramic,27.770725618153556
W-00213,S15,81641337,132933373.87932792,0.003585792259299773,4.752195233962288,9.409755557810241,1434.5902256872912,0.5288586310123415,0.5469184504616746,organic,488.5117758797412
W-00004,S24,23483398,108181762.57460871,0.0029285334035806985,9.808280233111438,6.800823354542572,1434.8487777053717,0.46251569927893443,0.42162914977866683,ceramic,340.0287146299844
W-00457,S09,63015703,129384252.8906281,0.0034993317039366057,0.009515904022478774,2.274141976933945,1192.6951270185539,0.3808262505751422,1.3288111311158914,aqueous,13.578260697121888
W-00429,S08,42447392,2731753775.206043,0.07386439098467339,15.304425707488624,29.071754834635442,7982.3254270837215,0.8458991472199003,13.740652771089003,metallic,364.9625420473169
W-00394,S01,26756017,68423327.34187837,0.0018506304296739345,27.382694685613963,6.053806390305659,1488.892743766549,0.5001646154015797,0.2970461465531845,aqueous,530.8418392307648
W-00005,S07,42031559,893930.8243982738,2.4206603322855378e-05,0.25957326717262763,0.37102579113606277,2443.402488445928,0.2096740212203825,18.864455595570597,ceramic,46.09026255100736
W-00141,S17,61340536,5205439785.432937,0.1405358250725247,20.971274330731436,36.635844426350246,6901.09673737785,0.7751924617842102,12.194845767786886,metallic,290.9084434555481
W-00268,S20,94673746,256942883.73105434,0.006949801625225036,0.014312161630018656,3.0930714130657653,1071.2020631855585,0.3876990330885542,1.3355369447311205,organic,16.44375612790788
W-00135,S07,10763469,220660483.70486864,0.005948855381728212,0.03514708823550277,2.082054476237125,1042.538661682004,0.39593894146965053,1.5831674382718006,organic,9.851684313338183
W-00211,S04,10148479,165120559.53598538,0.004473239339188965,0.0246228446422323,3.982882577486499,1158.8129533557085,0.3273461432556847,2.3196327298412,organic,12.45249968108163
W-00122,S22,51038915,1133190.9363142373,3.064561435013921e-05,0.31666966090796705,0.323813203649507,2453.6346720397355,0.2301586385106292,4.714080537062601,aqueous,44.26112679111703
W-00022,S15,83565112,47952141.47276684,0.0013008008593465782,8.173083067016199,5.790325883604572,1342.4228710996856,0.5233591724910739,0.40556957561074214,aqueous,496.84248197148304
W-00068,S12,24332077,145624093.9625807,0.0039355297567103525,0.021424876550596612,5.092219176302933,1068.6279550722168,0.46632100173031754,0.9827793109324874,organic,7.473692808427147
W-00020,S16,86904792,4218785444990.6216,113.9948302662287,33754.627156000344,819.4171815614251,10265.70254658509,0.3376458757065372,6.022239716741034,metallic,97.86374430429574
W-00474,S19,98385807,3961472541910.9683,107.0906379029627,56207.933121609996,990.6306973585273,10664.199215765573,0.35127040896756023,11.329247262797116,ceramic,202.56752617392934
W-00014,S11,42947227,83009200.56675954,0.0022430105924014917,21.432193526253364,4.99985722057065,1354.471230690412,0.6454736569151258,0.47123470252375016,aqueous,485.4041143016791
W-00170,S11,24649608,176488334.19062084,0.004753404168099783,0.016428555057083547,6.397181852763312,1018.1971830893325,0.35030602927915033,1.6589464556881102,organic,26.639354889581135
W-00403,S24,12360833,4052907402481.404,109.50967005945725,45017.17169365547,1030.6696830107023,10894.941283261103,0.19444278557339745,3.589002995376752,metallic,194.70378480109082
W-00470,S03,56556313,3457581267296.937,93.81530997145762,26783.315884136286,1284.5890578860517,10702.989316488516,0.21064901045833379,10.852095676349649,metallic,201.73100376843485
W-00195,S03,51141905,8448094303.217552,0.2283562473786144,26.450557413709156,16.910686195088477,7989.194199379445,0.7409109658642968,32.86665469284481,metallic,300.44843215017136
W-00064,S15,63656716,280033061.232435,0.007547575875922966,0.015441343663154252,4.179858122865276,1141.284371043197,0.32897525073568573,1.9633408591086496,organic,9.985317364218812
W-00519,S17,36062880,5303713576071.378,143.59471516830223,27514.997060009016,903.7644154160666,9929.495300331679,0.24161881977850547,5.024366346089268,metallic,236.15674718195928
W-00250,S19,81265937,111961948.22697048,0.003022286643670839,0.017121602110484135,2.724360397870206,1018.1526628164279,0.2934924548716018,1.5259332755757233,organic,12.35802505040956
W-00081,S14,59236773,4784995472.224901,0.12934673791035947,31.463165441874963,34.5032355158397,8360.505638542116,0.8464145033310112,32.53804628840037,metallic,351.7527810224061
W-00375,S08,92454484,113854069.514049,0.0030908896072347983,8.880135144908209,8.379931899503333,1362.116777555395,0.4657293749803828,0.6985015573707988,aqueous,886.0412373247045
W-00318,S01,87306190,3109897898140.2656,84.09899623332741,35921.16538409506,719.0517448371512,10359.395546440852,0.29831849149667256,4.457945993935654,metallic,148.47562968726874
W-00188,S02,53799790,4667517889.848065,0.12623432184509017,31.3965144655798,17.782360604285806,8093.767634878812,0.9665497826015861,11.97233941006344,metallic,527.1835608787452
W-00501,S02,34680363,732397.4850097384,1.9738666270849056e-05,0.3050708191779141,1.351981650638381,2566.8486205799377,0.3428874152309316,9.426869753317495,organic,54.39525519276765
W-00484,S06,91330505,9589500265.98841,0.25948450576139387,26.037313332228923,22.53623855577416,7105.361964668875,0.7841913220238788,14.026977452057194,metallic,370.072898242831
W-00160,S21,86707734,134950939.29197872,0.0036449788950099586,0.011058708699006208,2.773092684370614,1211.7185959064116,0.46264658043895657,1.3015283950957606,organic,14.421647434040034
W-00508,S11,19234005,916831.6621132809,2.4777835341858e-05,0.3867782512700431,0.5572316581898588,2298.581107630119,0.2736926200720407,8.820480074438366,ceramic,47.56303791387391
W-00391,S15,51632294,76416066.10803477,0.0020690683214615404,8.939624604441999,9.148476610699984,1446.5578820211813,0.48650079250113754,0.3728385569244009,metallic,608.6543162233781
W-00208,S16,13046972,8731877036.634323,0.23635150657923223,35.76892570613558,25.69954999691743,8393.782914199299,0.8408142436224528,20.759825555353217,ceramic,213.2625131735355
W-00224,S08,50999411,1100386.8113404794,2.9707683085861152e-05,0.19889937509151567,0.7637852306779884,2539.2912064800057,0.11371215531516582,13.860335773491343,ceramic,45.98646035778814
W-00339,S20,72360405,11973459930.195662,0.32277985385831987,22.55334867936435,29.51279255808946,7757.540916936927,0.8831661348320091,26.13915644347218,aqueous,414.62698395024006
W-00505,S22,55239931,4595681906.9776945,0.1242297447211782,18.180982699545275,16.12648195134164,8720.86174457275,0.8377740307404011,17.45633626181279,metallic,261.07639693123275
W-00051,S13,50723955,138298775.97193655,0.00374581515821007,0.02322889542483922,3.684175165404843,1191.0778824760869,0.2674398346778786,1.747962518596106,organic,10.854794482034366
W-00191,S21,55667864,6768385059.817637,0.18245076839632193,28.77468252647091,14.290897043838582,7327.121470428788,0.7728556591168361,19.07337162375405,metallic,306.34671784183587
W-00247,S06,65155478,1756507.3980333665,4.759417166151501e-05,0.39564352033453354,0.527984877329228,2369.8755826002944,0.15917881343094575,12.514212994583437,ceramic,47.58243749462874
W-00303,S06,71016426,67937526.91452976,0.0018417162221709726,27.668873852212347,4.498569560370457,1396.575517772702,0.4936548215960801,0.3165638343067736,organic,331.97080903966634
W-00350,S21,91590163,921395.753714059,2.4901646350865056e-05,0.24932240545548806,0.606200963010156,2582.6572612168115,0.13906329901028489,15.494966788824454,ceramic,38.62195394645602
W-00164,S17,22970258,77786321.1730194,0.0020974508944113933,9.449669969994108,6.8422695192332785,1340.038698715035,0.6563277277098506,0.42477516133058546,aqueous,469.97672138832655
W-00106,S09,11141821,7648226828.375088,0.20687805000889561,27.026604878223083,46.25016498477532,7017.528721389103,0.8686689692648295,23.29376294905323,metallic,346.5626619561209
W-00330,S09,24750264,936640.3574885979,2.527290253931625e-05,0.6334095394709336,0.46700022121371476,2520.7870441701834,0.22954138538921712,31.88279020489395,ceramic,33.68931879976879
W-00063,S01,34285042,3916964614.9873614,0.10569524785276023,31.59314334595762,22.5236392838203,7666.352038709797,0.7603388929486365,19.099431012336673,metallic,416.2561865697342
W-00362,S21,79210650,6630173287.335205,0.17975515276368348,43.062194635320296,24.109314601636484,8288.467424192939,0.7738861843853991,14.99906321254504,metallic,378.18262845610144
W-00186,S19,78192999,206927626.6604753,0.00558532460162027,0.011139322927158735,5.241266674341096,1119.3013307348438,0.30445700708209467,1.391761385047025,organic,15.89905705888931
W-00455,S03,75108683,7291897916.5863285,0.19719323979830256,17.25371481902802,24.73279245799182,8029.730913485952,0.830777474478675,21.109454574912224,metallic,233.59753880858105
W-00467,S19,44494400,3632438711070.055,98.31167359385537,36442.298485021936,611.4304176162668,10491.226653630009,0.1459556628516897,7.311151796151309,metallic,161.92635726183497
W-00313,S08,81201081,3543975199.612538,0.09594782751988663,77.83957826927286,23.238975313018077,7428.434399191368,0.8249012316899258,32.26888257575447,metallic,359.5372199096387
W-00089,S23,70921831,46642521.86872384,0.0012642847442170583,7.713297997733321,7.788055339698937,1332.7356098958105,0.4956666785544775,0.2468227632275986,metallic,585.7585461549659
W-00435,S10,59738914,7863644011.875544,0.2126384999612007,28.721132046122648,19.33778457382831,8062.3307905178945,0.8173478301628095,24.93695110081736,metallic,327.42071580285136
W-00343,S20,70316491,4170175417.209029,0.11274386299555873,18.188712394449905,20.773870633011562,7508.548622346962,0.7472028573216947,29.556523228377763,ceramic,609.3061063268365
W-00419,S05,23038384,173325014.98858768,0.0046929125058523926,0.018100166360080258,2.281377337101353,991.8865804862802,0.4466320062361254,2.011372365916317,organic,13.678379110644272
W-00093,S02,20353031,1748041.2132236017,4.719077809563549e-05,0.4309070114425732,0.5237389680475283,2542.5829944478455,0.2887159849249618,15.495166061347188,ceramic,30.27299825196937
W-00512,S14,40548194,105859630.98697074,0.00285873833358495,8.740929345071455,5.203038549173764,1381.280046577921,0.5860081536124699,0.48521299318570965,aqueous,554.0947510885513
W-00488,S22,17171692,6389299237.2918625,0.17299614851811024,32.07570874819952,27.60698031873574,8186.009224652506,0.7513121498928635,17.958508586780823,metallic,512.2339708959082
W-00453,S05,20370568,107569441.425306,0.002908469754184883,0.019639816937522488,3.707940546671421,1007.8077810601039,0.4625528033021654,1.744757641179469,aqueous,11.73425152151183
W-00293,S19,84379165,4608464755.046111,0.1244364501000198,50.25154587819743,33.758450393918515,8202.583038836725,0.9044622617430966,23.144162015982456,metallic,415.79682479073375
W-00092,S24,17232669,5466336842741.844,148.32333714452778,27309.43123141615,720.9311887447498,10686.718794196997,0.23196873611022828,5.3083958905952136,organic,156.98134339854366
W-00018,S05,27894321,323814638.82061434,0.008760170478456841,0.024908871088594076,2.2697258536612006,976.8624230155959,0.2747638133040428,2.4464107865228657,aqueous,10.813877244870618
W-00348,S21,11980807,182095092.84458366,0.004918423165519315,0.014816042416461566,2.272281174261351,1169.005963636295,0.4368097624023773,1.1444775747628988,aqueous,19.673078199838116
W-00198,S19,51172970,803380.7146798728,2.173640010287828e-05,0.4179377021986916,0.40503775494116806,2416.5049769430507,0.14242750944775834,10.2020543541177,ceramic,44.05038256816561
W-00145,S18,37455644,1318419.9447287712,3.564218982748977e-05,0.4981313776983781,0.36891674633758054,2554.611336410723,0.06903725227766724,14.72572476592034,organic,28.28099498082313
W-00158,S06,35062503,1029923.2100906355,2.7819928943222545e-05,0.2290912918740709,0.6295477447715329,2603.8291563241787,0.26388398964665727,22.188522707457693,ceramic,48.38732889525587
W-00150,S06,16865119,4632207577647.272,124.98004024715716,15816.841430000391,499.83496615234054,10423.064324344365,0.13976862536224768,7.963827649430988,organic,158.39746699940505
W-00493,S03,73028328,4945581287.874849,0.13381850537897047,48.29990967673095,23.236674078110074,8177.140423610074,1.0,9.404707299248596,organic,313.0904735894605
W-00509,S01,69935361,958505.7256968248,2.5867207953924003e-05,0.24740610201867366,0.8327720076313418,2299.344452489597,0.2734405872947188,8.045933153648164,ceramic,46.315848301850295
W-00167,S16,26439145,1157049.9493751451,3.12992352587426e-05,0.4135644149134231,0.2893342882683623,2430.894770830272,0.34312822403826126,11.202822166773416,ceramic,38.090028329653755
W-00085,S20,25881221,56023753.21783526,0.0015077157948653322,23.592147098188548,3.042874265504908,1434.4827361127652,0.6313805782036175,0.5892562016360742,aqueous,352.0855285174495
W-00249,S01,27061215,131855900.14963956,0.0035592895743387807,34.99079467681992,6.105166241877525,1516.2191278014452,0.5045387865211385,0.280052187759554,aqueous,728.0677077257011
W-00284,S10,13765334,1286854.4983714344,3.4751072109206626e-05,0.36620433047914136,0.48088796279899326,2740.1696178034963,0.2526631933612831,8.797400444089142,ceramic,41.95575146050349
W-00066,S07,91360738,5568423520354.382,150.71271286113748,39438.363775661695,1174.8846741073294,11530.652140332888,0.29611143899282877,6.759671056420385,metallic,129.12269640071713
W-00325,S06,59760166,342599768.58532923,0.009269122361203253,0.019275020604607715,1.669775193194214,1173.4143330851487,0.40126998734481173,2.150865535759889,ceramic,12.521950707146928
W-00310,S21,64832374,2061613517578.1108,55.74283883432743,22817.19028917266,1016.5672198384185,10678.735257589904,0.3628866375189713,6.473832578789656,metallic,123.53762565498916
W-00140,S07,36801540,4475253614.35408,0.12103869474889216,28.163965543520586,21.87361512530096,7926.382342158074,0.6587136287968008,35.96967878235696,metallic,210.64873841630083
W-00101,S08,53825322,337297930.3226341,0.00909794412852153,0.02458321684062103,2.7765145832872733,1069.2202130120977,0.29121670497360064,1.488229307947255,organic,10.636079419775257
W-00412,S21,42745836,768382.3832523546,2.072458652887178e-05,0.3607433978508336,0.8474839638092866,2468.600214999408,0.1922318864745248,21.336420361535176,ceramic,47.56248811231475
W-00002,S09,63493713,3858941841971.1597,104.42636236183989,34775.46439289079,801.5085418757702,11642.810936752434,0.3068275112817991,7.526409792261912,metallic,201.30925614241383
W-00432,S24,64635335,82271718.6877084,0.0022263366563941827,20.799024945383174,5.121944243422452,1443.946224987068,0.554432070694217,0.37746208110251467,aqueous,559.8233118719953
W-00221,S13,47474190,3144626799677.3247,84.98247222436753,14497.833670661688,684.4032896274384,9782.084524576123,0.2211252535863993,11.85967667889464,metallic,215.05033025488552
W-00017,S11,34678625,5540377900.322743,0.14972674375904005,34.598640214920536,16.68146071730612,7332.455208672954,0.8913155773044503,20.928562234784525,metallic,266.8326795787871
W-00146,S07,50462300,5242435828100.618,141.4416889463729,55474.571815153984,624.0846297683082,10086.716833157734,0.20217218541907697,10.123726500744912,metallic,197.364817196122
W-00271,S11,91737560,99179382.52167346,0.002694737072343891,11.123899706194306,2.966579949726602,1492.7378465034299,0.5753692740756473,0.3956167153411434,aqueous,654.9303135202479
W-00516,S22,49495533,6210903333.847639,0.1684955008600582,23.350189312121366,28.835899123521575,7094.159922275045,0.8701310856505948,12.431825896873526,metallic,304.4137289772652
W-00030,S12,21288819,77501015.33625948,0.0020916650351688664,14.232738396214526,7.791767042003377,1413.278947247798,0.6699443621951093,0.33088234010173784,organic,477.6836529097691
W-00114,S22,14205816,38656030.08772609,0.0010428701885879025,16.085301651709518,5.260228264140615,1587.2862723051098,0.5578571153738558,0.5244340900197472,aqueous,231.77839194441097
W-00480,S19,20366870,181075332.2459035,0.004887537233765833,0.01449861149298203,1.8919546723887692,1119.5989372096087,0.3405067722154573,1.930875187221743,aqueous,7.477806034807799
W-00103,S06,96694577,860324.781563063,2.3181872929907748e-05,0.2952799871492307,0.8116353365402095,2483.847990499964,0.16003437501549558,12.86835814065861,aqueous,47.42323868712062
W-00276,S13,63906236,81246221.45866817,0.0021992431389675614,7.443929732141363,7.192316481252388,1193.952985287142,0.4389706004933726,0.40425578329241446,aqueous,866.7678676717906
W-00326,S07,60520269,7781438077599.67,210.3408400883596,33772.02434075341,643.1640144237958,10370.289362741056,0.1964179216867013,10.948157131553259,ceramic,175.13352830485806
W-00176,S23,92258614,164466978.31116554,0.004454586560708499,11.584125377251105,7.047021875772071,1312.9856517622366,0.43756547467852924,0.5047833954111224,aqueous,409.91967432254546
W-00261,S16,99021730,141962254.05982506,0.0038437982222081653,0.008165004075987052,5.498262813773726,1066.1253565400273,0.3632872881912373,0.6985212939617736,organic,15.42813413811939
W-00116,S01,93705905,775021.1925422244,2.0954860275007216e-05,0.4208131543624228,0.4624024887859094,2286.629154302408,0.18611746815848368,18.06964497082978,ceramic,43.36308902270149
W-00168,S23,19603808,804485.522808516,2.1693202523960662e-05,0.5880491808875136,0.4863540591909851,2321.6787046747754,0.13671542170821654,15.59476429304957,ceramic,33.15766477669547
W-00440,S12,72045363,71142256.11391374,0.001917653987686219,7.00859495337717,5.355680262886828,1355.9040323701447,0.5661702529738738,0.31654675148651984,aqueous,395.3673861264909
W-00120,S11,70428570,256120875.9857774,0.006926917133963422,0.03916523361783617,4.401601347910047,907.7525498694981,0.32457867094606385,0.934727768243284,organic,15.123182164775045
W-00405,S16,31319691,1482453.677042823,3.990927988243759e-05,0.23214652231990143,0.8579748635828001,2482.7125791054045,0.3385917812382887,15.04403053692103,ceramic,24.27116374924057
W-00112,S22,88005114,117746739.65322334,0.003170269066714915,5.886435821879463,4.53536359426947,1418.703832175211,0.5734809491352669,0.37794571525045334,aqueous,723.2705429177508
W-00379,S14,22880637,3812779697.6541595,0.10284215969117315,31.364756517370125,15.232799821277576,7891.857890832101,0.8834861280631077,29.22227151299058,metallic,324.9415021933179
W-00366,S19,26922560,10196722380.145447,0.27635368104373426,28.66262547873974,41.763341230643434,7537.188727540832,0.8906994813936098,16.274730286722864,metallic,544.1704810480276
W-00347,S06,45625943,2469497100.5139723,0.06655084279029616,41.591210292316426,17.453685598995982,8039.756503662431,0.9053824510928269,15.176465415258667,metallic,567.3783695150978
W-00136,S10,61894079,75677622.787566,0.0020479858902192802,7.532439819053012,6.8136074410410234,1528.5649247020299,0.5640953534794764,0.30642607170367175,organic,547.1201781368669
W-00365,S24,73395584,5138509388211.67,138.85054902841412,30169.76960272997,964.5288137330796,10161.295612752901,0.19885879463830813,12.248844172740291,metallic,248.86809062465647
W-00254,S05,36645798,3645329242.3464246,0.09827323786550263,26.302596559289697,45.208484763270064,8007.6388075861105,0.8145140317389151,18.667497418796636,metallic,255.55935311248274
W-00295,S09,24877994,6284323908.4902,0.16992514886925722,26.627355772016433,21.03165786536169,8181.066442884129,0.726883518326233,27.519463442320774,metallic,364.2979251507494
W-00406,S16,74221720,169227087.30329674,0.0045862655191240545,0.021633005716877145,2.378180908961255,1040.7478182876234,0.33094193217064816,1.452670575915307,organic,8.960491299480573
W-00416,S17,11296831,122101964.30118524,0.0033047298678082018,12.190499939217204,8.10409853669805,1380.7938923147572,0.5996570468066784,0.3328947360006018,metallic,382.71298115934405
W-00255,S06,20883641,4718467634.324208,0.1277125698689519,30.990864758313982,33.623478143757865,7104.110023664865,0.8987479104526439,22.944297449280228,ceramic,375.39318102307584
W-00232,S22,40696264,6084172632.910476,0.16428743359026324,16.079801617354008,34.765331679648675,7562.434162890018,0.8280512816329366,14.529775621639313,metallic,393.77812383194845
W-00133,S13,96122032,3537179146.3488326,0.09577712246187357,22.884311638801012,49.52084052077271,8330.749203140507,0.8960475008093973,18.772355831315892,metallic,259.49671578107893
W-00033,S12,91201247,94249993.43304461,0.0025472173139938566,8.072541276787533,6.045751614513198,1322.5617028988747,0.5860992973714856,0.387803538308567,aqueous,413.31583296393023
W-00506,S12,83203647,4572935811724.132,123.62486614653665,18664.057564939492,1030.2599889356995,11162.48008764313,0.23733004645942932,9.550611511233084,metallic,166.636901654744
W-00044,S24,63294459,369665824.80741316,0.0099736998482942,0.02044009925415522,1.076570718088809,1064.9517559240417,0.33103175214815167,1.306906000286962,organic,11.147790507073559
W-00061,S03,99957272,4430516867171.18,119.49845457120573,38915.82392638044,868.8693329134902,10797.4919824985,0.20611258178354008,11.470777838976135,ceramic,257.051215977588
W-00199,S10,67006990,7306439172.036207,0.19769633270121853,17.848324889744937,26.04323939871754,7241.97941439256,0.7986084713107748,12.37679565597771,metallic,390.02592781705374
W-00282,S22,24205333,673500.8407952472,1.820731996868101e-05,0.3966237029501562,0.33535401309457674,2740.269948098708,0.26101257717382076,24.060170366997767,ceramic,33.391636535985285
W-00479,S04,48180013,161229765.3957716,0.00436503963817561,0.021049628045004404,3.653851199959032,1037.1880654834447,0.33499679499818413,2.0448761241620543,aqueous,14.388611728702278
W-00301,S21,14260444,4193452167.9171324,0.11334131384598495,27.557325591097108,37.69015986332763,7636.386040762386,0.7903366204416548,23.615912534601435,metallic,442.55678126266594
W-00218,S22,40316722,1255805.764175137,3.3870841724644276e-05,0.48073629019799247,0.42400515623936036,2391.06078998376,0.15589124685253364,13.343852077014233,ceramic,30.767089409557393
W-00073,S20,88112140,969577.6166038613,2.624557812557538e-05,0.2514524766466042,0.4608771223954406,2304.5426828144205,0.21444047430421598,7.007317957069761,ceramic,55.95953063502299
W-00035,S11,89295921,251818106.9393405,0.006806451943747612,0.024775521575594955,5.530958643037083,1044.4044598471608,0.22357071657319605,1.29724068772189,organic,12.64674383572832
W-00302,S10,59303277,3366864124445.6553,91.11605405328245,31569.406148963782,1187.4533126445074,10954.712741297055,0.2994908481924636,5.97101945742737,ceramic,153.09993966770924
W-00029,S02,88227433,4193516345.396409,0.11304563369733452,31.24759862338753,19.321713105351346,8095.368413719649,0.7979404654169288,22.63552285705476,metallic,264.4948501607337
W-00380,S22,13713984,2506712855736.4746,67.80416172110041,19053.69348925873,653.7213293885322,10852.332253100227,0.1310927862802111,8.166822955416325,ceramic,147.66692700080816
W-00518,S15,23566259,3264433140.391162,0.0884051688154677,22.892561348492347,24.08668419689408,7631.626044362734,0.8676477337968116,16.360801128229316,metallic,258.9726617199719
W-00489,S20,98360777,6225641887.984329,0.16809339021953837,31.756118845931596,9.6022011200462,8134.916439054178,0.8340573620523775,15.485374468515145,metallic,326.0066332340852
W-00217,S13,66740154,8039635274.613775,0.21698993493252508,44.37146783907956,21.464234334199332,7826.917008213307,0.7926024343685166,35.145188739198275,metallic,250.14713265486168
W-00027,S17,46832630,1235095.550197158,3.331132321137101e-05,0.8065426235415144,0.3274183811460497,2240.0495943423316,0.11920800015911784,18.37785859242575,ceramic,35.77546945396955
W-00352,S08,83983110,7042149132.000501,0.19036530620603567,43.25886334301913,19.455552660216217,7491.956188447205,0.7907928359655277,31.362707007350274,metallic,267.77233765003564
W-00308,S04,16512072,956075.4717638995,2.5901569532077645e-05,0.2648963321898284,0.5191728307737195,2272.5586203522585,0.15227577493840716,16.07043303914605,ceramic,44.215553898244764
W-00156,S22,19537277,1543557.1795206596,4.177493935529194e-05,0.288020723747388,0.5054270665522019,2316.541267685636,0.2039698455207377,11.893747291813474,ceramic,32.03238222251994
W-00353,S05,45227306,113180774.40044335,0.0030705131290747947,12.814472722664316,12.103170360453833,1320.3802605864905,0.6079352590832628,0.3290164028245133,organic,432.5210364655425
W-00363,S21,67770478,288371836.4056569,0.007801076063126945,0.020469876980448446,3.8667464766178834,1095.2159715553898,0.4627242232272564,0.9605056750990928,ceramic,11.047094028219945
W-00138,S06,38069969,887800.0380245129,2.390173509120189e-05,0.35981461200849296,0.21641312061705573,2676.450596835549,0.17689545875676538,15.971544714747498,ceramic,31.530247842980653
W-00212,S07,66452934,3327695485926.915,90.2361282169683,13492.322268566375,1145.5811583466218,11629.700277328928,0.23578136085559212,7.727845046266386,metallic,167.00349673884173
W-00104,S06,40351428,220719469.58099264,0.005976674023024786,0.012845314424278225,2.627414150631647,1157.399627532194,0.38420340171363915,1.6093737700238855,organic,15.9674579056482
W-00417,S13,30039193,1280607.6152774012,3.46687352049716e-05,0.2708724504247689,0.391969656482247,2421.234898846786,0.1810404478497055,11.53221172932588,organic,36.625423399296295
W-00364,S23,22570472,5894977287926.735,158.8920223040338,40928.521321691966,607.193824108701,11308.342215001012,0.3133239859275852,12.566709416347615,metallic,250.02020079718145
W-00393,S03,72928942,810561.4369103262,2.2039109722032675e-05,0.3039334307896687,0.570485268258616,2285.4323306987008,0.15610914132151293,6.869716927712652,ceramic,32.62976696213551
W-00215,S09,29795291,149392695.22983426,0.004031104062233209,0.023555766676348493,3.038524311549141,1209.262834537341,0.39223330234812986,1.2547640453440512,organic,11.393181993114212
W-00408,S06,34836064,5676872369998.344,153.35785477828202,55361.22089423168,533.5312318768798,10381.91130541013,0.18444901768542432,13.230328614227703,metallic,197.64407818263825
W-00189,S17,64460832,5980862830.123841,0.16189774706897558,34.26739170386463,19.89479509969481,7487.239853292446,0.8598692688566965,22.16963786922274,metallic,389.3408651883409
W-00214,S05,75239472,8412356825226.361,227.49301579217084,32805.847512089465,931.2236534219712,10503.952462799167,0.15853375068028042,7.6767115157812595,metallic,147.27174981464165
W-00446,S05,83660154,7729518041.175462,0.20925593476743878,44.95001386879665,47.77263147535618,7752.516484115969,0.8395111459582084,19.437207310662494,organic,248.82291909057844
W-00204,S23,98329535,5873173349.51103,0.1592619318920851,41.970707516515276,22.08504471476082,7695.504702562579,0.7848861769124611,26.98993568280634,organic,318.6108192244553
W-00234,S04,52976283,3874380363789.3237,104.71556276665108,42364.57444441733,598.721437348041,10445.794924570122,0.18450902139725078,6.863571363024295,metallic,139.65440698626497
W-00259,S10,38834486,74259345.07007481,0.0020022404876660744,15.045883575215774,11.860102863985215,1397.0450954528167,0.6465829549543372,0.19606701146585637,organic,384.09643359003536
W-00067,S15,79253977,850480.956770537,2.298124769092733e-05,0.4625109294610233,0.7874762277943912,2569.5276123705858,0.15734262554931266,10.16367887232341,ceramic,53.235829623071965
W-00024,S03,18072389,3925946495.7405343,0.10626675274862218,25.606644471055933,29.451002291612927,8046.5216980978885,0.8962811718169621,11.603080117432615,metallic,468.23278587167533
W-00216,S14,85276249,884699.3627161206,2.4003624691281604e-05,0.282305829368775,0.523641371705409,2321.254476080946,0.09496173742944679,11.521492108997034,ceramic,42.49518263608262
W-00300,S16,17680503,919643.8895759707,2.479128330586513e-05,0.18679894210706052,0.48940595554407607,2356.2090300495724,0.2749024939302419,14.99373276101679,ceramic,30.980429865718676
W-00223,S05,14571116,4529544821057.461,122.4916919546108,24774.65733626828,749.4748067177305,8908.752459200616,0.1485558272125574,4.738770403429224,metallic,136.50720766428864
W-00129,S01,49092847,148413971.0635532,0.004008990941223261,0.009426423369863754,4.948102694844024,1170.194679221085,0.43716192509161045,1.286078985802587,organic,9.031309325507022
W-00111,S18,59391513,2952631642581.909,80.21576562524965,19515.319840342876,1042.0464515751462,10286.93067707882,0.19306113622162935,15.298662720127703,metallic,235.6122278611731
W-00166,S05,47817015,230953753.91151425,0.006236046035724748,0.013437324611568529,5.532807955625696,1089.432876041775,0.48285939472364614,1.2217651816683328,ceramic,11.283163053883367
W-00443,S12,58725908,77931128.5567212,0.0020954748135874686,9.9431422538497,8.084163509177607,1393.1984644296917,0.4750325429961447,0.36477248916247396,aqueous,398.6955134572925
W-00418,S01,86337937,2623440858.5651116,0.07087878333689636,65.6165631491776,43.577071348002875,8375.253816884466,0.8537503652900362,19.822559768697065,metallic,289.63926831203975
W-00040,S15,69658205,3432403995.848405,0.09289163422175516,26.60917596579832,36.98477140730954,8156.2714399201595,0.6896187072659118,17.35710663106293,organic,269.29875895985265
W-00274,S14,18462358,127274971.81403272,0.0034322357489903702,14.818073459253885,7.222573088288872,1394.978462404173,0.5452852124949361,0.4655288636116698,aqueous,524.5720285458139
W-00451,S17,44130161,62761179.02432637,0.0016898368223327905,11.166485709625526,11.30011190430363,1428.9778367481306,0.5012502568102183,0.46151573309300437,aqueous,626.9165607474603
W-00079,S09,72486431,11294215206.84409,0.30522211510082414,60.288478556636925,45.56939737107827,7774.432210351868,0.8169360157077216,12.246001590437448,metallic,286.7879971077278
W-00329,S02,70247188,205408351.54513127,0.005553344334551035,0.01840886347935161,4.068288514422864,1078.1243864436913,0.41212078422676185,2.8199840601103165,organic,10.383372911650671
W-00332,S03,96156734,4227149751.0883946,0.11423561086586044,22.246127336145154,26.95427468913522,8295.940415967118,0.6469391421096348,24.9598761460015,metallic,221.52168350985568
W-00013,S24,90014165,7336276582769.537,198.76531079799975,29239.767842503217,743.4010556729369,10698.337210859067,0.20759310064058303,6.736245868553362,ceramic,90.40771369390464
W-00287,S24,99471262,104032334.67170247,0.0028115690147855867,10.444518028818356,5.945899409824792,1363.890456799256,0.5861317539778378,0.3889586351986835,aqueous,1205.6804516260315
W-00434,S24,28487494,81061244.71532075,0.002191452010269748,8.031592015572954,5.748586966524313,1401.1821891812294,0.5191274771325581,0.4587176580768928,organic,446.4870527626093
W-00251,S21,42323357,247249153.68011126,0.0066884998288573045,0.03177574100082991,3.333567661050834,1198.637699571373,0.35893763689286223,2.805749285601011,aqueous,10.152518479878829
W-00228,S15,35292300,131492797.7043582,0.0035598978308902063,14.758704966620748,4.8570608575032,1310.9044335963047,0.5340705504734724,0.570955967605812,aqueous,348.6828181766275
W-00161,S15,85285043,2979424344.0466437,0.08045969046129758,35.26243582258605,20.910895973879505,7146.022885627952,0.8226944769191605,16.496200239231033,metallic,221.5618883080968
W-00083,S11,90009678,73854046.65598144,0.0019993684758415693,6.768970030029642,12.25612912001474,1331.672759519104,0.4964301730637038,0.5769150370955798,aqueous,803.6683212092454
W-00117,S21,48614839,3034859108144.801,81.76961382898382,28952.089036975947,974.0013248869532,10661.6831523803,0.23159157741872818,5.035309078334143,metallic,188.13394079369135
W-00503,S21,59769056,362819093.412804,0.00980963345753639,0.034223555791407116,3.90044363633763,1103.4133803811228,0.40104654238210297,1.8722869172049386,aqueous,9.93826421069784
W-00110,S06,21016517,3450150603.6533856,0.09318830104690969,49.41387842277911,29.84110906550707,7958.890432699301,0.7100233024793144,40.71031212216769,metallic,660.7627151057399
W-00149,S04,47640782,76147521.68474905,0.0020652016031070964,12.317253522179527,9.29208827667382,1463.0532535399805,0.5110928988741898,0.21828925950603267,aqueous,603.2537609587125
W-00152,S07,37072558,3162118318873.489,85.23310923253858,33387.63636592054,1522.0892958315592,10781.157202815124,0.2086937429016861,10.637362156034511,aqueous,224.13242514179714
W-00016,S18,17870060,950490.2647731947,2.5637031142064285e-05,0.34251660756904123,0.47433479322090366,2521.0556084310015,0.22317812133387543,8.322017729461205,ceramic,60.864656681041154
W-00357,S19,89155667,970165.322426622,2.6179802730888394e-05,0.3164053710626232,0.7902116843615614,2381.04331037192,0.156911815363218,11.436249763900335,ceramic,33.392244259399476
W-00331,S20,49714299,3472924990077.939,94.18129144727394,19971.375031701904,795.5282098501916,10361.844573975062,0.2229751538590004,12.550442280850111,metallic,275.30642224720305
W-00109,S18,97059125,93233607.17994295,0.002520745191651016,6.770926872167218,5.284828840340197,1417.0604615968946,0.5283790034721562,0.5320333810834929,aqueous,339.3372577577704
W-00371,S20,20180804,164908500.4442286,0.004446074146149042,0.0225255009390488,2.050462407987844,1067.3594382369008,0.3327522586317331,1.2375325185778512,aqueous,14.397544660166911
W-00139,S01,76206453,251245165.16197643,0.0067693921100303546,0.019315377170908067,1.8526886839148382,1099.1481233370357,0.4465257650896689,2.002238131732849,aqueous,11.417999701708535
W-00237,S21,32635218,102727630.79940459,0.0027686606105080365,7.772694011281082,6.696293576955327,1358.696805271886,0.566030874443577,0.3802168476391978,aqueous,757.1654551572918
W-00260,S06,21148718,56109529.982889764,0.0015173736105996362,7.432088534384234,8.502806839620385,1278.855266002776,0.5595222676068208,0.3068379445627056,aqueous,294.80037813509205
W-00400,S15,78916425,3233220414338.9897,87.81605135184095,10583.47381700462,781.4837895932368,9333.267669057728,0.3197615781031259,9.108361292544563,ceramic,100.66970108126814
W-00317,S20,76981765,171992172.17003903,0.00465357503171084,0.019918000337358847,2.8546748231502694,1149.6374038018864,0.37622580061101496,1.553058051377083,organic,12.601720946118164
W-00323,S17,52284645,5397368111844.145,145.46942043781993,16445.581748775738,992.7670854145049,10603.184261407829,0.11489902974550056,7.627552282673097,metallic,178.62351519784698
W-00424,S17,21854137,5367937654.30305,0.14476598687173556,50.35391938474589,24.00712552443774,7856.792600192559,0.8331570071902842,17.36325688743768,metallic,384.03661888826144
W-00248,S09,27894210,4557652657260.265,122.84962528009454,23037.55803622739,1078.3292234360733,11144.881815701803,0.20848484172399276,9.460595040958482,aqueous,209.40902288046294
W-00346,S23,44838449,146430213.323347,0.003953541463131459,0.014010294275476344,5.185414789656518,1142.5656687966139,0.3325983625234101,1.0401757067871444,organic,9.224255802500272
W-00409,S03,39493776,4417955438.139349,0.11953506069238061,36.44165235753613,26.413538117807505,8202.130669991082,0.8359399467610973,24.098011465977688,metallic,461.5232587158613
W-00019,S23,74494704,4498982220.492884,0.12155315876881989,17.84089748978495,38.93197557845499,8023.3195744637205,0.6238562199497515,18.20643752842529,metallic,369.70117489694053
W-00328,S02,75968135,393402844.8035725,0.010673726177324542,0.02604581062726492,3.5263766267430507,1051.873656253332,0.40698421315591754,2.6422016342119763,ceramic,13.520895613738155
W-00296,S17,22888524,3477576675566.438,93.87014014927009,42066.8850927106,496.8080757629414,10574.20664923281,0.20494936992750148,6.871286117772465,metallic,145.85887440758523
W-00269,S03,30584757,3024603955954.302,81.70789579892217,23508.93048613717,2203.9469244825787,11236.70807255527,0.20389013972433595,6.598123926398311,metallic,263.19866057300635
W-00226,S11,92390179,3799548011.503063,0.10263197240557533,30.014135016814446,20.55358105319513,8005.049426551627,0.7482105122793503,20.68664744578541,ceramic,267.64720584155776
W-00407,S15,98829733,97552820.48451015,0.0026387497848447614,12.573324288658704,9.677897385609793,1299.0562031018092,0.5386184995268684,0.35506290594023043,organic,404.9263550406677
W-00003,S18,30823531,2680451710152.2764,72.40419475383327,33575.136995986126,1409.8846832709396,10677.944649929706,0.30642136690195254,5.538239830299425,metallic,186.83394854614443
W-00367,S07,65452855,2988248679547.821,80.7691297988016,26461.868368239753,1365.4968856303665,9955.020072524852,0.21948978122307486,10.14337621257455,metallic,245.5122353537646
W-00125,S17,63080410,218763634.4105479,0.005887312423642859,0.03742810532925862,4.108492567934232,1101.6795899836384,0.38210951315120834,1.1316202584344843,organic,19.162069801461225
W-00280,S02,60633441,3395705749.3258853,0.09187295552719384,26.71971704742269,28.6641657817224,7079.9247125844995,0.8832498695697181,17.415424163795507,ceramic,323.7423603482014
W-00286,S08,25680470,129192749.81968087,0.003498437422989967,0.016005799780461554,3.562601277072636,1026.915136833103,0.3331826255507211,1.0373159931550395,organic,20.294250827019596
W-00077,S06,99262564,1997363.321700178,5.407061007910186e-05,0.27691799251625393,0.3781612847210074,2671.505754231604,0.2457607460913422,11.815942680585497,ceramic,23.678367925799904
W-00184,S07,40512711,153020156.41670084,0.0041469652789898545,10.652024132118449,3.0181342946569902,1522.4455049565822,0.6398848224907107,0.3439478614760223,organic,485.3162686555358
W-00438,S04,79993862,252933495.25517616,0.006850803156489806,0.02643141819426794,2.206535482906597,1105.4895974977087,0.27814902855813506,1.3634733334366027,aqueous,12.70556601036845
W-00507,S18,98069692,1071853.94440054,2.8973003375642416e-05,0.2458738388866871,0.3346696953137721,2479.3457756766934,0.11876875306401258,15.270374353584456,ceramic,42.8586219913528
W-00275,S01,66852765,820866.5179573126,2.2229091613106905e-05,0.4088276565510407,0.4315434887464909,2926.1736690623557,0.37578944491974586,8.751619416530085,ceramic,29.66586484640272
W-00294,S03,64910324,6382219139.275858,0.17265720171890736,38.31192108776879,35.63067827559447,7800.125295009838,0.724099611182526,19.791302055982484,metallic,448.81946353944454
W-00497,S04,21320106,675505.0948908232,1.8243242049962326e-05,0.18340914043191964,0.7987088881379915,2373.149699272399,0.13768130596517134,12.595867497668054,aqueous,32.774465329117454
W-00182,S02,27832545,2502011247655.5146,67.70984908838804,27548.721955051657,1084.4141104830903,10667.388121833015,0.3206720613075227,4.912225190712207,ceramic,194.07701644730113
W-00476,S10,27180924,104892017.9922876,0.002834110108085442,20.776029660734217,3.3527958515592595,1497.01115343631,0.474831713133786,0.23555877418165477,aqueous,495.5600152082447
W-00080,S02,70608895,79841672.13454518,0.0021585402958604117,28.846459237307688,7.058826154002031,1425.9314037714012,0.5501278449123992,0.3798939996843436,organic,401.0919530391113
W-00307,S04,26677788,101417011.45719476,0.002746211630522617,8.862612947440606,8.084986169693433,1400.1385442386138,0.5240180322867969,0.5135975355858949,metallic,641.7333506572734
W-00258,S03,35376205,140950590.31228858,0.0038180278240146706,10.042631677948924,3.856603966349983,1471.1446829395134,0.5293885961952702,0.4324367701134558,aqueous,644.8470036454249
W-00011,S04,75887206,1713696624415.8462,46.36018578614409,55925.95389595181,1697.9005959046565,10560.953598523887,0.3125368536410894,10.504827515577968,ceramic,108.15602946059046
W-00360,S05,66885354,96832938.41916023,0.0026126245168490926,5.468475014150444,8.771313307435475,1509.5761617925602,0.5336595840666282,0.6759358596810959,organic,536.1395595231513
W-00392,S08,12843516,41352503.13634079,0.0011195615284351123,7.317697311352294,10.201378632680306,1395.8792345660895,0.5621572243513241,0.2822109232043998,aqueous,522.2909046856723
W-00086,S23,97164920,77216649.98121502,0.0020884739703167037,17.814363024242574,7.5645569369440615,1578.2157908442412,0.5962735598585552,0.3559603309103785,aqueous,491.37654111799395
W-00266,S13,18477622,6330893695.170844,0.17080064136841067,31.893903770110793,29.134527788583682,8209.235850949268,0.7809493513772674,10.88241602882742,metallic,471.9860060271821
W-00036,S13,85833570,5164013759.367547,0.13984038995911013,29.41457264331234,21.211305798388416,7638.067843512988,0.7750587092912181,18.691192645793603,ceramic,278.6645622631969
W-00511,S13,42703578,4775089963.569039,0.12929144967495992,49.35307228564125,33.38636084332062,7682.645785391856,0.7687485934057494,17.120673818869715,metallic,433.21828943553226
W-00058,S08,97094591,138578732.64066643,0.0037482228216873955,0.03186510229835547,2.66695577162354,1169.074428722038,0.47044862947194455,2.414445832755675,organic,13.731005781124146
W-00041,S10,85675086,185419456.20209724,0.005014511649657776,0.013838916499161498,3.189054627763508,1059.5902040827484,0.2649365348539849,1.0687057673179843,organic,8.331632310616428
W-00270,S23,67666144,77182115.85146573,0.002078714294637732,14.106709704881027,9.541231230309828,1413.6390367301692,0.5055187751159191,0.5582686404687812,aqueous,496.16651506779925
W-00050,S24,38686792,49594075.34910517,0.0013378164127960353,12.986003332564252,4.95977374409658,1396.2990337940212,0.544589520571734,0.3956592779356132,organic,444.01382868903863
W-00209,S18,78693082,75285936.00906636,0.0020327869631139887,9.285160882154013,5.515309329451949,1382.1190225526814,0.5108577520367549,0.48513918643467036,organic,770.0307031599859
W-00421,S23,26422603,234851092.8364723,0.0063273347614079605,0.01570577631638952,2.432518524144015,1137.411007709688,0.38511552723561815,1.379502646242104,aqueous,9.388562806254676
W-00463,S24,74707503,3771829471.5668974,0.10177006732971795,22.069905986258156,19.593404874688648,8448.586893106922,0.9018482770908506,41.27790087951833,aqueous,356.0331402742064
W-00441,S09,44421541,4055717571230.342,109.48151269148966,24454.841355674587,1461.9429370732457,9952.40309733278,0.17383175028521994,4.9015874457536555,ceramic,172.55647250951216
W-00123,S07,72916551,3421144053.1963544,0.09242565708970073,35.39502824895389,21.932432962118316,8346.157454526921,0.8289187928727036,15.796064895872714,organic,342.6107225036981
W-00222,S08,24713001,2857862882193.5674,77.30449455121962,23576.492079166048,1225.0926480669546,10195.354850841839,0.2094388732803188,8.138881925658835,metallic,161.17027922954836
W-00062,S21,31748288,5063199180797.45,136.7122546379892,30380.483518380493,1202.5486195786848,10939.524372516995,0.16630907432473804,10.8823929500194,organic,229.87506534586024
W-00399,S22,61271726,126487745.45588204,0.0034160020117314114,0.025953302115891738,4.405093220632848,1124.2634335908801,0.40653924054020774,1.042248058451043,organic,8.4794830380689
W-00377,S19,13734889,182005387.6839245,0.004905482723546022,0.016579871688357724,2.966322965394691,1258.7296635451762,0.45488780082023045,1.328387855338888,aqueous,7.185187538502537
W-00130,S01,13608354,8600937942.50598,0.23221898982314143,53.014408319998914,59.75841778563355,7757.072007864787,0.7710036042026551,9.427139332520635,metallic,350.99628844933943
W-00187,S15,32665699,1283600.029056998,3.4707171224579374e-05,0.13212729539748985,0.330024092732261,2542.660046074971,0.014153576005633162,11.718045047150698,ceramic,48.36940879685884
W-00023,S22,52284148,2993218791.297343,0.08070590430662548,19.64009425163907,13.693305813123837,8370.657947526874,0.8356341359317686,11.251405571297898,ceramic,261.69754167678883
W-00395,S13,59620013,4380579081624.5757,118.61244039315017,23955.224556470246,998.5262340643443,11181.329861069986,0.15652728306506797,6.536138671016329,metallic,216.06810795969295
W-00043,S16,16273780,234840251.87397495,0.006343591387164301,0.010735511693719214,2.628587304287111,1133.4827197475793,0.39125693363300407,1.1006955321614684,organic,16.97648340557864
W-00469,S20,84419547,58650799.85979221,0.001582703440585555,6.195399413486425,5.445080227899226,1517.4159198729337,0.579480957149838,0.575092770646082,metallic,421.3389985079305
W-00000,S12,61696968,6435342376.127501,0.17382715481742841,31.76492969810973,20.666016211459848,7737.544670604565,0.8908510232827396,14.960094870637459,metallic,562.3499309199952
W-00383,S21,77608372,4669065764996.437,126.14543384782583,33003.30912455718,1155.8664994352384,10007.577524943688,0.27509748811544255,12.38251922091799,organic,192.8985061257447
W-00201,S12,74249996,3262984203805.8247,88.30175354371077,25851.71343460699,799.8959848027405,11708.248336430583,0.18127264458473383,7.351907687404289,metallic,148.05101593773534
W-00368,S13,31872425,1456945.4697375114,3.9542364859791606e-05,0.22467705590908407,0.3892220608436461,2363.006780694226,0.19882900955914903,11.55572544437276,ceramic,28.342286325712863
W-00454,S04,58529826,6687429520.521258,0.18107199283112707,23.561779108550517,28.334512016213797,8137.509937087817,0.85047740106702,26.01487918906433,metallic,214.68319672417437
W-00098,S02,53908214,937741.4853040791,2.5385648848842075e-05,0.3937886823236096,0.2710057175213973,2431.689236311845,0.24939582109247277,14.006560778661143,ceramic,43.95581419552737
W-00387,S21,60912914,2779458042.813949,0.07489006298452038,40.70234504716003,18.854428929584525,7371.668681676238,0.6414927509411597,21.72737386949377,ceramic,394.7719514356553
W-00349,S13,22752560,897510.9736429562,2.4207480249188135e-05,0.2766368153340554,0.45943001819244284,2757.772606104825,0.11053647769270708,11.594455094563987,metallic,51.18679180118992
W-00304,S04,42658744,5670479671.248175,0.15320259956419072,21.797871184462362,31.711903081749494,8174.524132920138,0.8423177101029609,19.641987860401006,metallic,232.85049457441778
W-00292,S24,42761659,3262582071.71328,0.08823452723222945,13.17284110865661,43.180285723335196,7348.249394181663,0.951469572300451,12.604204903720442,metallic,379.62458916671756
W-00178,S20,44473104,785963.9733598701,2.1255857410225344e-05,0.23322065737760178,0.30789344452707523,2326.3491904568305,0.1282818221456194,6.284658157169968,ceramic,41.24416557146062
W-00369,S07,32063564,6305914430075.648,170.24686306615519,41319.56200165281,1120.9691826778542,10369.584526403174,0.31662858700790697,7.245627039062305,aqueous,246.52794892458908
W-00256,S01,60268330,965094.3542449841,2.6023455404246002e-05,0.2740554972578175,0.5336948348308206,2520.204094102024,0.08545403326035292,13.903624637927502,ceramic,37.505033936371944
W-00094,S03,47280953,674763.3146600146,1.8248649715217135e-05,0.3668860214491561,0.6574030969355674,2646.937769319714,0.031784631227180005,15.73580595444546,ceramic,55.8740486584066
W-00495,S19,31148614,328144639.9002945,0.008886687267496847,0.011098632384043405,4.285903683512429,1135.664105624077,0.39040505663838854,1.5645481013400002,organic,5.939235590468678
W-00095,S10,34843673,1125047.7900288806,3.037380149712722e-05,0.3359099114079148,0.2601045578193069,2664.286992505686,0.17684128829514284,5.518922055059685,ceramic,66.14911899031254
W-00471,S10,54065528,3978507312528.5815,107.64858618491787,60015.7450678259,817.1022154459162,10216.440949602262,0.16985032429545172,7.7210173885997495,organic,309.0713959736529
W-00169,S03,23419863,3382503623.6941767,0.09172052797113109,28.35608251978551,22.339321094658416,7518.521574611125,0.8498717019590825,20.372249813842984,metallic,333.412596320768
W-00069,S14,81545007,3079972602650.051,83.36532360179957,33916.69947756944,988.1919397751577,9760.804004674294,0.15712177169516112,8.763615463333332,ceramic,161.37267195874986
W-00305,S06,55351782,93393879.19650808,0.0025225392234324317,14.739560590709704,12.569478590811059,1337.3820872489189,0.5802127633334696,0.33702377189484456,organic,486.9342712219298
W-00048,S04,51864915,4101202869390.7324,110.90362668524465,22074.465792007268,1036.2142120127598,10294.923551027749,0.2778223813507247,4.742113789472504,ceramic,172.1520415671734
W-00341,S16,31668361,40466670.09187859,0.0010937135819030378,7.991724733064897,5.997002015854263,1378.1245325980992,0.46880229624871805,0.4737952295347424,organic,480.4539578741791
W-00373,S15,72798810,41751729.83968141,0.0011335690708130766,16.1010648784226,9.735110368420923,1333.7497400906807,0.4482335122099217,0.4622910538486913,organic,635.7848153595149
W-00397,S05,39454023,2212613151040.136,59.68391543169841,41043.95385808065,428.7237315801004,11240.801502007364,0.2378248466773121,8.58185044014899,ceramic,141.97401566805337
W-00207,S09,15462948,4393152614016.159,118.78407346483019,21568.3058853929,1716.9783197243864,10278.79850957468,0.32841612436572687,12.394576681924372,metallic,213.97756827338944
W-00279,S24,89985414,917592.5898635063,2.476866391090731e-05,0.23853066748538423,0.36187604990472566,2443.903110542576,0.173778174997631,12.691109906275315,ceramic,24.328637751350172
W-00227,S19,26732478,5358922853599.581,144.7501481248409,24424.80455317728,884.7601078997654,10214.70557475397,0.21403184723898352,7.687795684943529,metallic,185.85931630787942
W-00148,S09,35135485,241139580.93803903,0.006513932037881283,0.02547153206200945,3.404140988926362,1028.8707430252864,0.21595585533981912,1.7430066278389127,ceramic,9.38100810860551
W-00143,S06,19193965,3616208721143.3237,98.10467712250481,33491.25167144736,441.95814875795895,10641.625811189733,0.16027027391290732,4.858164411789086,metallic,198.4983852090271
W-00334,S23,32520123,3536090045049.1567,95.67964111597678,21926.76368811928,660.2396289803082,9918.549274380088,0.2898652665759705,8.951948672240334,metallic,238.4070190261482
W-00180,S02,29042163,1435167.877642231,3.8896455595066103e-05,0.3202149959347415,0.4478372276807593,2428.0282099795822,0.26238630884152736,9.722737171769925,aqueous,47.2379940567988
W-00356,S08,86246151,90389968.3311536,0.0024414758544514924,11.623149129173921,6.010406285052889,1417.1006757573327,0.47104365348853794,0.3426500880483349,aqueous,430.07612309521835
W-00131,S05,70961066,2585861251.656043,0.06997394798099264,26.034889241751884,20.56587390904487,8141.698652023452,0.8163761733670136,23.145083129630212,metallic,457.7293093724834
W-00477,S06,76202975,275202561.6956683,0.007432457201709627,0.014668382282441217,1.9673962356291168,1108.510927532665,0.38363709929348705,1.1675233110688998,organic,8.382612567729996
W-00047,S17,16591815,4893107270.718176,0.13222615401894222,31.020881461300398,34.21544841074302,8831.389689775327,0.8512245188088484,13.12388312461357,ceramic,311.05891924772357
W-00262,S15,64880803,135253700.19355845,0.0036637868773914594,12.870113581379147,7.511670597612998,1382.1501400250663,0.656048625935139,0.2396540817796965,ceramic,856.5149698022087
W-00324,S23,38022138,79098980.81786276,0.002140758863088159,9.045100454400647,4.914299461887961,1496.2780051432514,0.4790740203188521,0.37642050400564897,aqueous,606.1486857885657
W-00203,S09,20788216,2443293978371.991,66.20461793763285,47788.01125656912,734.4502756799174,11183.484389079082,0.18420943647706478,5.313517223484857,aqueous,128.90263841831302
W-00084,S04,27387935,288417978.5482198,0.00777518146695621,0.016553479303366116,3.215767539742084,1098.8659503496176,0.20630520255221638,2.0519421110363627,organic,18.618118312204537
W-00426,S19,65960272,96190045.87882732,0.0026019608919108533,8.433410566015883,13.653249144312733,1504.6806898251828,0.551467200172582,0.328116129863084,aqueous,862.0214128078516
W-00121,S21,72305801,4660034115.3792305,0.12627860486196008,16.439487332989014,24.19245487022402,8056.819145938616,0.8016894293205086,14.10810860146391,metallic,407.71754720644304
W-00513,S16,57667276,5277110563.379212,0.14232352964617978,33.02413761948424,22.30664053086528,8037.785902260099,0.8251447688083982,24.61862711814678,metallic,369.5385321669301
W-00462,S08,51959295,5855264601339.41,158.52214619710057,55462.76729165076,1050.7824389380244,10918.099881229997,0.18266099216980897,7.922548087965405,metallic,120.51554555562551
W-00490,S10,94649361,139426261.7636072,0.0037695915373942767,0.013184034551737542,6.412511747503032,1097.015851765298,0.3029502232906697,1.8771238344892753,organic,13.187656290373539
W-00483,S11,15990989,104573723.51579292,0.0028218752539497377,0.02189288796705138,3.9291833297559506,996.9333874648113,0.396604112530406,1.9027906843613678,aqueous,9.525262182694968
W-00384,S10,76018162,79594735.8443244,0.0021573551847567517,10.175204883950153,6.085106365365524,1374.9434997234573,0.5251082504232985,0.33513096264290976,aqueous,714.2736886197981
W-00091,S03,99511627,1450140.8162337702,3.9107931092858206e-05,0.32153764905755994,0.4877433989565563,2579.085343363434,0.24076869176162774,13.378286725459763,ceramic,45.027890244709184
W-00082,S17,73709437,5697966258.123678,0.15409772238036595,29.938963528659734,13.844700177117893,7598.111337098038,0.8670196776740459,13.79215532275962,metallic,368.98677061839714
W-00430,S02,76871143,114382331.60677736,0.0030936447114492845,0.01661359907941749,4.8113446696798094,1179.9633579800102,0.3238467974717773,1.1358558840253308,organic,27.223944149363614
W-00267,S20,33257704,3403668159685.958,91.74022198675493,22471.518548268617,594.1574230960341,10560.505900792574,0.16799564212932228,13.14871808252427,metallic,182.36927770978326
W-00119,S03,65996133,6815200122573.357,183.5159848000097,27485.20838008643,779.0375834189925,9685.509692418016,0.1973199099663264,6.924859872140291,ceramic,189.00793486642405
W-00358,S21,64886436,118996230.24595574,0.003218268462421657,0.027958293971999244,5.509677453587434,1089.3765722071296,0.4168895979003366,1.3730673278248704,organic,14.562262807099327
W-00291,S22,53533001,6513613690226.175,175.77755362968276,19975.822020140484,767.5106432247736,10732.19902680968,0.12501917377904415,9.778072834682416,aqueous,133.60410043301385
W-00057,S11,47954491,34792527.75142357,0.0009376972582200867,5.04424729922718,9.730168722601926,1292.016716547275,0.5625908374167947,0.31725190172720313,organic,624.3215687297244
W-00425,S03,86838461,5017690570.516423,0.13567152968867047,44.01954745377519,23.682528318709448,7762.94403610006,0.7071088581151841,26.025975772193995,metallic,422.86109339009226
W-00321,S06,10936956,5138406746.155164,0.1389180068050083,27.06188741318111,18.93582592370175,7630.960693181019,0.7316111552958757,22.537541831472137,metallic,401.531446159926
W-00257,S19,52734451,5388360715489.015,145.5949281354069,25157.054802286428,1087.3589136805394,9774.10126246203,0.14141692243732035,4.293766420540618,aqueous,220.5936377843263
W-00376,S16,95853807,3532136953777.48,95.38163898194578,22019.574489117582,656.7359819291364,10237.07244295797,0.2672252976919162,12.18094392537281,ceramic,181.5449477621445
W-00475,S13,73325763,60634945.40186521,0.0016437866931324563,12.627277634386566,5.305294449025816,1288.722616581411,0.5773333048628276,0.38933104228007054,aqueous,674.0831051055042
W-00442,S08,76702390,843226.2795620047,2.2751409417998842e-05,0.20348955661938475,0.4747315898083141,2670.757601173181,0.16666251536932694,12.494416896409183,ceramic,34.87747359240895
W-00042,S17,57012815,4951042276.556941,0.13350520047700984,27.872082529031484,17.389510196503082,7366.447685890818,0.7884411270246694,13.20657931219249,metallic,674.7794192538385
W-00105,S11,58233775,3702919052.672479,0.09984797498782459,63.09660933495479,17.2847467914323,7690.213226648937,0.7870165190640629,27.249912854842364,ceramic,316.25236950125566
W-00388,S22,71690979,57813634.59974054,0.0015648387759284934,23.120958974373224,5.116904514143272,1494.8534908372465,0.4928819592515987,0.4128618463609954,aqueous,819.3199096623342
W-00494,S10,44683916,5060343235.380101,0.13658639274640338,105.55277700459247,22.491535487676426,7905.403804690867,0.7844978825603454,23.472588023071182,metallic,351.16149468517386
W-00273,S02,60328190,82962324.70309764,0.002238438449964714,7.442878571811031,7.9419788976980055,1432.953422788993,0.5011226529723122,0.3676971969270822,aqueous,462.32457428644494
W-00473,S15,53624960,5262830517704.072,142.4057067649464,26337.6308178224,499.33328976253443,10502.253087168434,0.1728613805782998,4.029053114203535,metallic,158.869000471566
W-00038,S14,49203643,1159152.7185270276,3.131614343231904e-05,0.3940745544515213,0.5316846645866249,2424.272087340738,0.1894433569100693,8.326705140634465,ceramic,22.737306714703173
W-00389,S06,33012252,93214084.10159224,0.002521315703441457,12.893916372553253,5.864835156589474,1423.1003486584098,0.49988883388533595,0.29059937053659324,aqueous,485.00956118737145
W-00053,S03,64954477,4925956223167.158,133.23513106022742,32154.273881524554,582.7510654471663,11478.650106172277,0.32629318688741016,6.180897684503731,ceramic,226.82775048727825
W-00420,S03,73858314,4829339986.439311,0.13061087245747718,25.23284468009084,20.212779476831173,7209.903509449649,0.7763333146063578,28.25880340227538,metallic,367.9834723126853
W-00465,S10,37824309,6834262534.559078,0.18531164699611075,14.554470882165676,37.46437106251038,7349.629582369773,0.7487323469509101,10.779170978379653,metallic,283.92068415000534
W-00128,S03,36064191,3944721421033.24,106.5995417780158,45172.72825530676,1425.5761650175023,10399.449297746705,0.17790227012555004,5.083774822983085,aqueous,126.4908616402483
W-00290,S03,90496364,215474263.1871506,0.00583017198652638,0.021324879850465273,1.5287259888221072,1144.9761243783248,0.38875646958457755,1.6886840108003418,metallic,16.79715570592835
W-00028,S06,39416301,78278378.81836605,0.0021127111734178462,9.285188092431962,7.68710233059901,1485.7182943964192,0.47614352066120563,0.42976258943841983,ceramic,390.34991495843065
W-00183,S21,14076549,86842051.7102145,0.0023446079076307707,9.493140859088447,6.094563703206008,1458.847397062152,0.5307172052762557,0.38204879299311895,ceramic,392.77546318964573
W-00370,S05,93734344,3847365263.8845325,0.1039373103711223,34.99698485232624,38.364423323638405,7413.754391032807,0.8983851291578571,18.462525504338686,metallic,365.4646755024078
W-00459,S15,60192304,742478.1760086942,2.009171502914749e-05,0.3823569032472209,0.5605692118744375,2544.7885887143166,0.28981784196116617,11.197774214319915,ceramic,25.246320378023327
W-00163,S24,21458368,646894.4819829869,1.745698495556562e-05,0.334556480931187,0.396176197620368,2577.5689782856043,0.17315169921759513,15.23284568713181,aqueous,77.88709590480873
W-00151,S08,53653584,420816158.20456004,0.011374468550906453,0.01743206116112201,2.8234082292880855,1002.7386239646581,0.44374044843806204,1.934424824306595,organic,12.854489149252265
W-00244,S04,31553240,81821761.20938812,0.0022130493145812694,18.82599745073299,4.256442243942257,1378.9795746455286,0.5233484776696921,0.30778267612645527,aqueous,549.7500659421778
W-00202,S11,61618277,48812104.87301452,0.0013155193491864157,8.346655286348563,6.563029413303832,1295.5262009281153,0.5390940173832356,0.3703638981639949,aqueous,517.7793173449885
W-00031,S10,60771884,217117285.31085762,0.005881121903562644,0.021458924852055576,4.553507720433839,1016.437691929632,0.31545393535594574,1.1476258934757766,organic,9.74860054276386
W-00032,S15,39945189,3834753031268.52,103.82375792466303,29512.19110525472,740.9709402534535,10618.07786206986,0.3112930846871631,6.102868288433133,organic,176.0442852520855
W-00127,S03,96963837,183794241.30151603,0.004954724310354619,0.012396708628091826,3.0498213888867474,1062.7634817026358,0.27973756607398015,1.5606071512927655,aqueous,13.273223147992292
W-00185,S18,41818037,4071935979523.314,110.0014772744994,37001.055171256354,1030.0956234835378,10170.58252021925,0.2707195212343397,6.843267232519877,metallic,155.07299958637728
W-00500,S20,34101665,3704279064393.576,100.47767286973988,32702.909678737255,808.416750471454,10429.88767767245,0.10891372843025776,9.454406282058619,metallic,193.67813360864807
W-00449,S16,38446169,6186215508840.068,167.86208101961535,25941.364139766014,651.7878038207839,11646.151689843411,0.2765976768805611,7.390957534080737,metallic,247.55197247470812
W-00288,S02,16474636,4996137359.67552,0.13546126379831566,19.865663176420895,17.404279986895595,8648.285186843488,0.8312895257780474,14.778584882068365,ceramic,303.8376431640221
W-00423,S23,21207323,4112314421302.292,111.41767870921268,49440.746436362504,637.4164566592816,10062.065003341611,0.2517736994253638,6.423872391474185,metallic,102.5093641073296
W-00398,S08,81002680,4950409312.529042,0.13363722659875593,42.245957364801306,26.096543563122054,8153.6786686608675,0.8601807804582894,22.55560602712336,ceramic,228.41624685069448
W-00485,S04,24121072,65892296.84095695,0.001779930538200046,16.581214762283228,6.825009131359195,1277.0084269017466,0.3925625195959495,0.2414599379310321,organic,745.0309494029707
W-00147,S02,65861221,42075159.9078274,0.001136613016279483,10.571483159441009,4.383822116955596,1387.7820884759324,0.6529275465746333,0.42637543588470506,aqueous,486.5611516082813
W-00285,S23,28971702,121943630.81586727,0.0032896476445321465,31.3735429734188,6.063495706671677,1372.1658541558554,0.7241936330231824,0.3662606966926284,organic,553.7348796688575
W-00496,S19,89762635,4100624232.6489677,0.11065740273851123,35.43248072090152,21.95680635272477,8051.979626234413,0.7585886165783731,22.957758587767838,metallic,305.0198862847709
W-00177,S18,62789648,679191.2703057643,1.8406201885790925e-05,0.20741573540486744,0.4135351854665416,2795.0026609135443,0.1697378872567055,11.979654333836397,organic,36.60115243452056
W-00514,S10,63145829,244538350.74500167,0.0065982097323074715,0.01635290156806816,2.9695572283848652,1078.6836548855977,0.46268982968647265,1.522452625071195,organic,7.306204709096342
W-00099,S23,87312704,59340304.9491745,0.001599431030064104,17.80020130951667,5.965710579663239,1276.2970451599201,0.5222688839612459,0.5739774277466221,aqueous,375.54879913648057
W-00338,S14,38493345,154665307.53571737,0.004186974349386053,0.02932175657104308,4.988393071638024,1056.1222358745608,0.26278131942570715,1.5987698862478261,organic,11.71980251778458
W-00448,S12,59000931,321425961.93036234,0.008675437021399997,0.024732616424907077,2.347281469330636,1053.5678976226916,0.4041419747824014,1.3774890500102428,aqueous,16.92687944488387
W-00431,S15,84949829,5465592748.395585,0.14739180009190278,41.12078988760819,16.082594616449782,8096.909716974639,0.836570574383348,21.575482583462296,metallic,598.903043297093
W-00335,S16,91109942,951858.0637848917,2.5690176102952638e-05,0.12982018765761844,0.5295861979371479,2604.1779391619475,0.23487103157895273,26.66277596231239,aqueous,27.16545433400199
W-00197,S16,98891223,90184700.39384025,0.0024380884065659807,10.434532829834021,3.1283625513339794,1478.9995512204275,0.5687597197133647,0.3001425235890973,aqueous,661.7034450250402
W-00243,S15,68347148,5566149814.089965,0.15056009095371828,23.89014039811949,17.269406269735843,7321.992513327638,0.7064834876750858,10.947248571850938,metallic,244.2217859070215
W-00464,S02,45364848,83449661.87579423,0.002251817252734606,17.300507623514495,8.414728630758734,1572.1611270389353,0.4714396111753699,0.6128934539426676,aqueous,395.37655367535825
W-00115,S07,28468501,5242527890.598876,0.14189406141776792,24.03888674619533,15.906571858145902,7050.968164102947,0.8387198640293264,24.74985304403031,ceramic,273.1198226529709
W-00404,S24,84170547,132834170.66106707,0.003576888585210276,0.018784025020844388,4.782058136290169,1133.1788106079719,0.2905324523382782,1.838945752002212,organic,9.951180850669775
W-00265,S14,98977491,244473410.05133295,0.00661908380140016,0.008671202310459905,4.124144466574431,1252.260851189968,0.2776001100601738,3.1927591078455135,organic,9.734427989502286
W-00072,S16,37761214,5462216394.670403,0.14745558334291842,46.94610233602263,26.989077451570576,8441.279888882791,0.7342522908426101,28.07710936995541,aqueous,130.2974823290968
W-00333,S02,70384966,4476395371947.367,120.77244135335734,31401.940629502587,1704.448850379464,11513.663380143074,0.25796756287801476,10.886067200529128,aqueous,186.23306630306394
W-00025,S23,64909855,244420588.28435603,0.006608670007117247,0.027780208424562233,2.316754758006243,1174.8675889248207,0.361747817880569,1.3101020889218726,organic,10.95139395980708
W-00165,S14,91311176,159953669.62749246,0.0043142066238313495,0.03339873412003371,2.6482631677187816,1084.3395410094035,0.4146204967695883,1.1983235203330338,aqueous,20.54403824240523
W-00337,S18,62393029,4327992170.234848,0.11721667344409006,33.05174944880995,44.12139716793498,8007.222888574296,0.8100383607105428,37.86002887034757,ceramic,457.943856354526
W-00088,S13,20395389,3759364820134.3237,101.48095867242344,67224.14912391556,560.0687489730342,11032.31835342222,0.25779882636026763,14.235096057918055,metallic,175.2934528731399
W-00174,S07,56751404,748979.9865055813,2.025453862883317e-05,0.4923475094335694,1.0890440953172127,2698.640730085081,0.24883811566322395,9.761134574049121,ceramic,47.08324662251932
W-00087,S10,35118377,1103682.4038923732,2.969244339718732e-05,0.33512729878769787,0.5533064914883171,2468.544241754143,0.19010991173185623,8.162786566969862,ceramic,62.78756849858362
W-00039,S10,94677319,157644324.22836348,0.0042559153949762365,0.027405633662912775,2.9963798390856855,1053.7637776759586,0.4436795660589536,1.786265026745156,organic,16.40075399771938
W-00486,S18,14651983,3982559239.1863346,0.1076722801732463,86.42935257240805,20.605735785633783,7554.70806569182,0.7957232418105855,20.784266215131986,metallic,317.76557686815613
W-00193,S19,55078622,4616749913706.126,124.76003318718371,31047.91341631363,743.1939593090794,10066.597228214077,0.3881557125792682,5.487749454745285,metallic,157.40385170744483
W-00314,S21,40559199,7837364145.636296,0.2119192588809117,16.356987701545506,28.254791318798873,7364.584140938857,0.7266804577505737,12.500122975604315,organic,635.1882252094069
W-00396,S14,27260173,79363638.69619824,0.0021471505374694036,10.406430776208204,8.475616597744331,1383.589127054502,0.5731549318775291,0.2637099247014569,aqueous,482.020673993487
W-00472,S17,47391655,3409172484.969234,0.09204009661128087,26.96233207641769,19.404002171390154,8866.053243507404,0.5993443083943351,14.281580759396356,metallic,366.0788679863648
W-00070,S03,54182525,3207340363.8745236,0.08656687028212108,56.43078881501832,23.246788343582654,7314.242500941583,0.75733704090849,17.29934746771272,organic,262.5170571976397
W-00277,S02,38748240,5239163163.197759,0.14163230310895222,32.10452226778122,26.558959338567522,8720.329975027913,0.913232010889832,14.298367010517554,metallic,530.6628814429221
W-00009,S04,48426183,695846.7786115872,1.8747782647842997e-05,0.30618700805185967,0.33352491191073436,2295.2680598901325,0.18381418451554526,23.763642990178603,ceramic,50.2874279324425
W-00359,S09,47745248,183160494.95812178,0.00495317955685848,0.013536261350754253,2.0406431128617806,1031.6233552696929,0.3038416751027665,1.9693892048072406,organic,18.388163358105395
W-00192,S09,78741833,8110439221.22954,0.21980571574850627,42.931642485403735,27.11452084685206,7231.922751579211,0.706473904271648,19.87686892325623,organic,241.76303847122108
